lat,lon,2000,2001,2002,2003,2004,2005,2006,2007,2008,2009,2010,2011,2012,2013,2014,2015,2016,2017,2018,2019,2020,2021,2022,2023
55.25,4.75,0.0,,,,,,,,,,,,,,,,,,,,,,,
55.25,5.25,0.0,,,,,,,,,,,,,,,,,,,,,,,
55.25,5.75,0.0,,,,,,,,,,,,,,,,,,,,,,,
55.25,6.25,0.0,,,,,,,,,,,,,,,,,,,,,,,
55.25,6.75,0.0,,,,,,,,,,,,,,,,,,,,,,,
55.25,7.25,0.0,,,,,,,,,,,,,,,,,,,,,,,
55.25,7.75,0.0,,,,,,,,,,,,,,,,,,,,,,,
55.25,8.25,0.0,0.0,0.0,139.19300958600869,37.33976471175137,0.0,43.67787386184037,0.0,37.92197512186826,0.0,0.0,0.0,0.0,46.80325153257303,372.7969721544521,0.0,0.0,0.0,4603.235572754066,0.0,0.0,0.0,358.7076295178442,0.0
55.25,8.75,0.0,0.0,0.0,0.0,0.0,0.0,0.0,0.0,0.0,0.0,0.0,0.0,0.0,0.0,0.0,0.0,0.0,0.0,3102.708223718905,0.0,0.0,0.0,0.0,0.0
55.25,9.25,0.0,0.0,0.0,0.0,0.0,0.0,0.0,0.0,0.0,0.0,0.0,0.0,0.0,0.0,0.0,0.0,0.0,0.0,2991.909462600153,0.0,0.0,0.0,0.0,0.0
55.25,9.75,0.0,0.0,0.0,0.0,0.0,0.0,9.851849115569763,0.0,8.622806194127065,0.0,0.0,0.0,0.0,0.0,0.0,0.0,0.0,0.0,5951.7288965826,3215.2964100097142,0.0,0.0,4.174364458501088,26.726885487446452
55.25,10.25,0.0,0.0,0.0,149.47809308449715,0.0,0.0,581.5182637066101,0.0,344.17758041670083,0.0,75.05182147155895,0.0,0.0,0.0,315.7123640716402,0.0,0.0,0.0,9164.880842516224,7320.553279955921,0.2931705751462914,0.0,501.62781498842116,403.89901734642183
55.25,10.75,0.0,25.01608080916884,100.66550290563228,1721.5308307334687,0.0,27.593959043477668,1579.823532718847,0.0,1546.6211795208726,45.13046859647659,633.8557893564684,0.0,0.0,121.91126374053528,2168.068897548363,2.636302977476703,0.0,0.0,12505.28406814203,10696.2463294486,185.2358787173596,0.0,2078.61662729837,1496.799946518735
55.25,11.25,0.0,48.76421810136904,0.0,1337.0566300064515,0.0,39.981291454473535,1997.1664233954803,0.0,1621.0036706469764,69.64541543407307,771.2667780120744,0.0,527.1561603896631,179.341796943356,2900.2447574855983,5.424173381703213,23.392324845388146,0.0,12122.015001541136,10163.311619888818,336.19361611457884,0.0,1854.465255611266,1505.0796621167729
55.25,11.75,0.0,0.0,0.0,200.80270931298327,0.0,0.0,1869.7046259268727,0.0,914.3288872771986,0.0,354.27406687109135,0.0,2.8859496442993304,4.396512811598882,1053.6694314561805,0.0,0.0,0.0,10962.693365672743,9377.811671275571,201.74315277989783,0.0,476.90665704989357,695.6111085627986
55.25,12.25,0.0,50.055826197002204,51.839569037146276,744.8754772728122,0.0,331.134495025571,3054.5108140566817,0.0,1881.4167735290112,0.0,761.2193473616135,0.0,290.602749367875,164.25013236359226,1308.6909735383201,0.0,257.38005944623535,0.0,14982.59640532072,13911.253881115066,828.3995614557889,93.50714990342252,1174.07743377707,1502.1088091925033
55.25,12.75,0.0,,,,,,,,,,,,,,,,,,,,,,,
55.25,13.25,22.387092728452302,351.4881485329316,566.1170907210449,1156.9585656481604,0.0,1352.7568056838024,2707.4544978883823,0.0,2213.5151295537453,0.0,1081.2146314054082,0.0,262.9788611583775,1327.0670035794442,1452.7863240580737,538.9147485465968,1816.139532414353,0.0,12973.50088008198,11607.19014149695,1737.0846364843285,1609.583192747165,2598.06263802957,1028.6188273811085
55.25,13.75,216.991772549921,577.7219292733404,1450.63518548732,1892.6609411195034,2.159079199403436,1974.9705286492954,2871.7127313785645,0.0,2522.5343915348985,212.4460689230586,1068.7657087766474,0.0,381.453156895568,2355.3285276068837,1974.6154468898937,1222.382054043927,3538.455168755561,0.0,13050.042182149758,11766.748674229113,2205.741032309576,2198.3729139643206,4193.459026392017,1365.7517017422392
55.25,14.25,1233.6064562225058,1025.2556923787429,2225.7927876388103,3979.152338636182,359.4861641468621,3593.9543948995392,3425.764797725758,0.0,4547.929235136615,3220.963465096316,1185.6827306420473,0.0,1568.4502884063245,3568.616910111989,3293.742793201165,3221.798707267655,5135.122252143936,0.0,14254.189374746506,12868.749673574875,4664.082056621986,5347.386218051652,6267.25343488609,2525.8136260556103
55.25,14.75,5364.049304674083,2238.3982541033033,2790.343721735415,7251.069069586882,1813.8661011282263,8255.895082988724,5570.23712337485,8.016702246287878,7289.483452664136,6929.867253432622,1398.9531165405313,139.1149115630092,3433.158756158642,5350.352367493115,5687.781546444787,6657.551074755355,6914.110223156023,5.863784576756473,18197.02994496022,17174.732659519144,8985.016596439678,8876.96479424661,9518.65731319948,6470.325440944762
55.25,15.25,4939.645889973592,1569.699983227,2365.4594812035407,6594.589271151266,1866.2983091927338,8052.185859346142,5206.341984352628,11.344377920619053,7017.434782848895,6521.811653152752,634.4277542368116,308.7178517918237,3200.672865287071,4913.58659731932,6001.445288513759,6345.758345747785,5137.901650406259,1.2367723578068421,17313.51987794511,16106.67786853865,8791.477239252183,9249.263130123636,7144.738372876827,3691.39114642443
54.75,4.75,0.0,,,,,,,,,,,,,,,,,,,,,,,
54.75,5.25,0.0,,,,,,,,,,,,,,,,,,,,,,,
54.75,5.75,0.0,,,,,,,,,,,,,,,,,,,,,,,
54.75,6.25,0.0,,,,,,,,,,,,,,,,,,,,,,,
54.75,6.75,0.0,,,,,,,,,,,,,,,,,,,,,,,
54.75,7.25,0.0,,,,,,,,,,,,,,,,,,,,,,,
54.75,7.75,0.0,,,,,,,,,,,,,,,,,,,,,,,
54.75,8.25,5.467878277213401,0.0,0.0,838.6195220703484,32.20579285729923,6.2790028369678055,677.6038554681409,0.0,198.33776178590577,0.6098092308129708,0.0,0.0,0.0,0.0,371.1756933150197,0.0,0.0,0.0,6145.7753838404215,178.43442581182984,155.53054135081578,0.0,1577.0661571452777,0.4176004194769689
54.75,8.75,0.0,0.0,0.0,0.0,0.0,0.0,227.47521806862858,0.0,0.0,0.0,0.0,0.0,0.0,0.0,1.1874994333812765,0.0,0.0,0.0,3844.080042692326,0.0,0.0,0.0,134.2599160051095,0.0
54.75,9.25,0.0,0.0,0.0,0.0,0.0,0.0,8.523569945982672,0.0,0.0,0.0,0.0,0.0,0.0,0.0,0.0,0.0,0.0,0.0,5213.575114172133,1961.9927570952027,0.0,0.0,30.811392871079562,0.0
54.75,9.75,0.0,0.0,0.0,0.0,0.0,0.0,424.75826299245796,0.0,3.127667423691605,0.0,0.0,0.0,0.0,0.0,0.0,0.0,0.0,0.0,7406.820819999807,5245.2427085865975,0.0,0.0,72.35832802880779,0.0
54.75,10.25,0.0,0.0,0.0,608.6019510508061,0.0,0.13491806098920733,1345.5789187379382,0.0,293.35825195103837,23.495264224666528,379.29167525421644,0.0,0.0,0.0,193.9068832255916,0.0,0.0,0.0,10397.639858212717,8210.840590485319,22.50851124609406,0.0,1371.854012651093,157.74273484318417
54.75,10.75,0.0,66.6583618131171,0.0,3485.285084544318,0.0,107.97701998992855,2646.486385039483,0.0,1442.718231791629,865.7008897637434,1271.2539830752214,0.0,1.7995444365262188,286.57287846776427,1778.7174678549259,74.01063887012725,5.417008960887699,0.0,14830.037206376008,12888.865974844648,196.60871267417264,93.96978669258846,3040.9674586799147,1528.8017325718956
54.75,11.25,43.7884440731857,87.27911464125532,0.0,3900.2076587860233,0.0,159.46367864340334,3060.2586298324018,0.0,1848.4472459713334,776.6276092647033,1428.3582514738987,0.0,560.549662326442,794.4495941395705,2914.628243946168,46.70289212511784,468.44131233308406,0.0,14864.353930818419,13131.052783784873,265.34562975921597,187.52654997844286,3884.1112362497574,1805.747086736403
54.75,11.75,129.7648784034805,145.88078731180912,0.0,3610.126327495492,0.0,309.89932870452344,4068.275205597648,0.0,2244.6254491044965,1343.2067996270714,1589.2550674729007,0.0,953.8665064106433,1298.2057494042622,3420.21740938352,117.73631003100485,2650.5577616684122,0.0,17314.51284718849,16313.318592880933,591.3148039696866,674.3335597273867,3631.5528696737374,2898.1411229867063
54.75,12.25,58.57866380031618,278.72789095636716,224.17116350659887,3216.832140928915,1.8427695831364872,1373.17200005937,5633.816732685174,0.0,2787.6922936488345,1442.0811198409558,1576.6014859046372,0.0,1038.7365039737497,1810.2772624551587,2886.9137478086254,496.30189432399413,3726.469788466139,0.0,19474.394089876318,19069.537285583316,1779.1942439383588,1997.6003855168558,3234.3843862699914,3906.5670980593777
54.75,12.75,0.0,,,,,,,,,,,,,,,,,,,,,,,
54.75,13.25,825.0923132210792,1467.1476757773157,1338.0081878474527,4067.4404100876977,200.42523177795616,2978.5365133940722,5642.932457459364,0.0,5449.75077630861,1002.2424426431494,2026.021441385266,0.0,983.9528131229961,3846.9720737458115,2961.4127638353107,2091.6441211300767,5512.236017327814,0.0,20792.28428548315,20134.10994994179,2783.17966533747,3613.780661758944,4476.943589215337,3376.775986486769
54.75,13.75,2505.1849665778545,2412.008358163677,2380.8472611913653,6421.499734613037,1031.0688806273936,5275.8674302304835,5291.1782930676,0.0,6433.0083875736,2528.654680627351,2058.64816541867,0.0,1458.500232780851,4556.268868980145,3885.8909347974673,2639.540626445005,7203.344195770864,247.6089278617278,19407.95014253364,18383.465654136628,3386.8710031386445,4859.97707043178,6449.523327918357,3003.6582896959603
54.75,14.25,0.0,,,,,,,,,,,,,,,,,,,,,,,
54.75,14.75,0.0,,,,,,,,,,,,,,,,,,,,,,,
54.75,15.25,0.0,,,,,,,,,,,,,,,,,,,,,,,
54.25,4.75,0.0,,,,,,,,,,,,,,,,,,,,,,,
54.25,5.25,0.0,,,,,,,,,,,,,,,,,,,,,,,
54.25,5.75,0.0,,,,,,,,,,,,,,,,,,,,,,,
54.25,6.25,0.0,,,,,,,,,,,,,,,,,,,,,,,
54.25,6.75,0.0,,,,,,,,,,,,,,,,,,,,,,,
54.25,7.25,0.0,,,,,,,,,,,,,,,,,,,,,,,
54.25,7.75,0.0,,,,,,,,,,,,,,,,,,,,,,,
54.25,8.25,0.0,,,,,,,,,,,,,,,,,,,,,,,
54.25,8.75,0.0,0.0,0.0,0.0,0.0,0.0,860.5846996433717,0.0,0.0,0.0,0.0,0.0,0.0,0.0,4.777983825506965,0.0,0.0,0.0,4643.682772050228,0.0,0.0,0.0,159.01134599307053,0.0
54.25,9.25,0.0,0.0,0.0,0.0,0.0,0.0,206.93083706204737,0.0,0.0,0.0,0.0,0.0,0.0,0.0,0.0,0.0,0.0,0.0,5275.543427507511,2406.5090000651385,0.0,0.0,0.0,0.0
54.25,9.75,0.0,0.0,0.0,0.0,0.0,0.0,333.61463969947437,0.0,0.0,0.0,0.0,0.0,0.0,0.0,0.0,0.0,0.0,0.0,6436.831142739904,4475.120536386002,0.0,0.0,5.11546273196501,0.0
54.25,10.25,0.0,0.0,0.0,203.52632729231428,0.0,0.0,857.0096067231167,0.0,24.276877274661388,0.0,148.29763060967096,0.0,0.0,0.0,0.0,0.0,0.0,0.0,9000.164296457559,7387.720653071532,0.0,0.0,112.72188249475539,0.5012241160977169
54.25,10.75,0.0,0.0,0.0,1046.4338392563895,0.0,0.0,1413.6315976403062,0.0,461.0361834643198,7.293681569126534,506.13060083731483,0.0,0.0,18.455713391239158,74.23023131231881,0.0,0.0,0.0,11691.650678195596,10308.960236995132,0.21797870832881472,0.0,472.1859263107706,239.03105884440208
54.25,11.25,0.0,0.0,0.0,1629.8111520259945,0.0,0.0,2220.967385787031,0.0,1594.614439893569,534.8181857832934,1030.3337681899527,0.0,0.0,95.96521290264346,499.2092815017762,0.0,0.0,0.0,14954.128309969774,14084.57640357353,123.29797099975116,0.0,1239.774147738552,1161.0778649991753
54.25,11.75,0.0,0.0,0.0,1144.6059155825865,0.0,0.0,2718.1876500823946,0.0,1704.4076304553619,533.7994834899108,1281.63452825151,0.0,0.0,101.65916117147506,689.0514609131048,0.0,390.00566051035474,0.0,16434.450197781796,15997.363880803307,356.6941831088069,8.887811827380403,1516.1085219864854,1246.4618515552254
54.25,12.25,0.0,0.0,0.0,576.9001857405339,0.0,0.0,2868.1545735407044,0.0,1687.1462573579151,4.844946427774971,1051.5714362417625,0.0,0.0,60.987641592671906,274.3809184370351,15.302936184853252,941.6514823720078,0.0,17583.214545878567,17428.306823592666,381.26854720377173,90.94476443703962,730.8989728331533,1086.0317652382187
54.25,12.75,0.0,0.0,0.0,69.23600625508894,0.0,0.0,1868.4899072995674,0.0,1036.457342379987,0.0,542.9134927297491,0.0,0.0,7.074265664558595,5.391517930366149,0.0,172.27519989411394,0.0,15562.99266306539,15328.816557006166,121.39436381508992,0.0,57.58795612435196,445.9760961142108
54.25,13.25,0.0,0.0,0.0,143.57880577735222,0.0,0.0,1772.4612781269127,0.0,1446.7560991493283,0.0,566.2916119884035,0.0,0.0,24.282847414424765,42.67633052058193,13.751834314245059,208.99796916393478,0.0,14857.506809728784,14335.9354232828,127.0106135431609,0.0,295.88932216079934,654.6381100206419
54.25,13.75,0.0,537.5181544690406,284.629832681166,1472.333181377899,0.0,146.70650360374012,2825.506480128837,0.0,3891.5217990838455,0.0,946.8553988330743,0.0,0.0,933.7879643416369,994.6630401365584,303.78142611604255,2888.1234601850565,0.0,17276.17229181322,16559.949032345194,686.4308222833952,231.9842900911329,2194.664608697439,1782.1288794989234
54.25,14.25,0.0,,,,,,,,,,,,,,,,,,,,,,,
54.25,14.75,834.0235889238314,1074.8638260670737,1168.2848481561336,5151.334662500551,1333.2238284935984,2104.6807376682173,4030.2759744555065,0.0,6149.507666117576,2269.879333290998,803.4030815329952,43.75423188783688,63.761543161293076,1385.797884433241,3036.107056396026,1225.7788450207804,2352.0219497899993,0.0,13288.891229907225,11320.912859188213,4109.484409775139,2945.8629552016037,4475.713721162449,3380.1023211115294
54.25,15.25,4.9879983475657355,61.6429851980684,300.3313224521137,1454.3272198484246,119.19873381796242,477.35560758894917,2492.7931040539747,0.0,2221.233009392273,262.12198719085984,313.72191018804904,3.2376797695793016,0.0,231.95571614333994,1641.5825494882283,301.3460448320992,0.0,0.0,5914.714302712254,4024.997450069271,2240.538553354878,830.712042228181,1984.8856326833525,2164.809349280295
53.75,4.75,0.0,,,,,,,,,,,,,,,,,,,,,,,
53.75,5.25,0.0,,,,,,,,,,,,,,,,,,,,,,,
53.75,5.75,0.0,,,,,,,,,,,,,,,,,,,,,,,
53.75,6.25,0.0,,,,,,,,,,,,,,,,,,,,,,,
53.75,6.75,0.0,,,,,,,,,,,,,,,,,,,,,,,
53.75,7.25,0.0,0.0,0.0,465.07329988984736,0.0,0.0,418.2535468587669,0.0,0.0,0.0,86.75567480688727,0.0,0.0,0.0,23.459158441366185,0.0,0.0,0.0,7699.013423765485,3664.1166547007806,0.0,0.0,287.65004486106835,0.0
53.75,7.75,0.0,0.0,0.0,213.86893249815557,0.0,0.0,605.8690411035413,0.0,0.653933216502935,0.0,70.17039065846913,0.0,0.0,0.0,0.0,0.0,0.0,0.0,9216.479061176708,6271.819870471705,0.0,0.0,371.8415986850678,0.0
53.75,8.25,0.0,0.0,0.0,53.022971702979675,0.0,0.0,762.7375226546285,0.0,0.0,0.0,16.219822411303397,0.0,0.0,0.0,0.0,0.0,0.0,0.0,7946.882428905742,4379.3340737864055,0.0,0.0,399.31304971457854,0.0
53.75,8.75,0.0,0.0,0.0,0.0,0.0,0.0,506.4332322674148,0.0,0.0,0.0,0.0,0.0,0.0,0.0,0.0,0.0,0.0,0.0,5164.559744782433,1088.4494172249128,0.0,0.0,9.678200225148885,0.0
53.75,9.25,0.0,0.0,0.0,0.0,0.0,0.0,131.0048423830985,0.0,0.0,0.0,0.0,0.0,0.0,0.0,0.0,0.0,0.0,0.0,3489.717496575945,285.18360112653255,0.0,0.0,0.0,0.0
53.75,9.75,0.0,0.0,0.0,0.0,0.0,0.0,249.65908462584716,0.0,0.0,0.0,11.024258890202816,0.0,0.0,0.0,0.0,0.0,0.0,0.0,5850.237370441233,4138.356160545415,0.0,0.0,0.0,0.0
53.75,10.25,0.0,0.0,0.0,0.0,0.0,0.0,92.37412878639344,0.0,0.0,0.0,0.0,0.0,0.0,0.0,0.0,0.0,0.0,0.0,6074.870370640531,4701.231292352644,0.0,0.0,0.0,0.0
53.75,10.75,0.0,0.0,0.0,7.96244246592687,0.0,0.0,177.4646725428676,0.0,0.0,0.0,2.2553207417587373,0.0,0.0,0.0,0.0,0.0,0.0,0.0,7913.924643201872,6985.965271777281,0.0,0.0,0.0,0.0
53.75,11.25,0.0,0.0,0.0,98.2894950805794,0.0,0.0,317.5576988861509,0.0,34.15579997146713,0.0,86.9295285959131,0.0,0.0,0.0,0.0,0.0,0.0,0.0,8974.398931474783,8245.645137083606,0.0,0.0,0.0,0.0
53.75,11.75,0.0,0.0,0.0,39.82010647028457,0.0,0.0,600.8851850283557,0.0,167.69746136282777,0.0,181.78058074613472,0.0,0.0,0.0,0.0,0.0,0.0,0.0,10745.09547574998,10456.061114952605,0.6204113553353068,0.0,19.176137419301938,0.0
53.75,12.25,0.0,0.0,0.0,0.0,0.0,0.0,474.7050770365077,0.0,198.63669844592198,0.0,88.3875108478683,0.0,0.0,0.0,0.0,0.0,0.0,0.0,10864.731387605467,10576.063958453864,0.0,0.0,0.7509083632885449,0.0
53.75,12.75,0.0,0.0,0.0,0.0,0.0,0.0,178.974872273905,0.0,77.30469944573028,0.0,2.610779149386019,0.0,0.0,0.0,0.0,0.0,0.0,0.0,9616.519013580175,9209.114681857322,0.0,0.0,0.0,0.0
53.75,13.25,0.0,0.0,0.0,0.0,0.0,0.0,64.85726875525123,0.0,56.861385567456864,0.0,0.0,0.0,0.0,0.0,0.0,0.0,0.0,0.0,8739.948545338457,8255.014425103618,0.0,0.0,0.0,0.0
53.75,13.75,0.0,0.0,0.0,12.989970975821223,0.0,0.0,271.22357932190096,0.0,607.9180509786029,0.0,16.512906744755895,0.0,0.0,0.0,0.0,0.0,66.91905275916957,0.0,10748.85692180893,10267.492201244446,1.4181422125499807,0.0,102.79032452737476,0.0
53.75,14.25,0.0,3.6448507093322746,0.0,996.9208496833473,0.0,0.0,1326.8537479478641,0.0,3022.180530624925,0.0,306.2620411348783,0.0,0.0,6.618533656096417,22.329621487801546,19.100639423614382,533.9113588590974,0.0,13847.051974138598,13362.580925609622,540.6795283147062,0.0,877.2391113847265,1106.6845530320134
53.75,14.75,0.0,0.0,0.0,442.0017853697414,0.0,5.664086302713997,1655.1816285764362,0.0,1809.3543883880943,7.3790409751519235,152.86780217827888,0.0,0.0,0.0,142.03095956584957,3.285186611301299,0.0,0.0,8239.92368824568,6814.750320567734,799.4761195904318,0.0,736.4427343099796,1139.932747692029
53.75,15.25,0.0,0.0,0.0,0.0,0.0,0.0,502.8581412479276,0.0,282.22207193816274,0.0,0.0,0.0,0.0,0.0,1.4855642950830088,0.0,0.0,0.0,1529.2166370750087,978.8602989412444,204.94118966137154,0.0,192.64623815653928,73.81414246850161
53.25,4.75,0.2978622678346028,1.3042314940706774,0.0,4814.74646266387,0.7559564789453361,0.0,375.18525521661564,0.0,64.1848001889503,45.10586305802116,232.96937044600347,0.0,0.0,1131.388640024413,269.5350709949683,24.12146785280879,113.04633617686841,259.8899130119412,5645.129053850049,328.5168483458826,918.8308103158428,0.0,1576.8047425289478,283.21727586344014
53.25,5.25,0.0,0.0,0.0,4465.512572532268,0.0,0.0,505.1278038394441,0.0,57.02770803379104,18.15469532888372,81.99818332340905,0.0,0.0,543.1333093028854,219.84756264249577,0.0,8.990682605087159,64.97481603179278,6218.050982131863,1033.9687961408545,397.93761084959874,0.0,2486.4398087825793,258.95774855305285
53.25,5.75,0.0,0.0,0.0,1526.192037453625,0.0,0.0,135.11369470835885,0.0,0.0,0.0,0.4677744112711366,0.0,0.0,0.0,0.0,0.0,0.0,0.0,4088.884695998223,19.7160452053582,0.0,0.0,640.6272620868699,0.0
53.25,6.25,0.0,0.0,0.0,549.2817627889608,0.0,0.0,38.02060476303109,0.0,0.0,0.0,0.0,0.0,0.0,0.0,0.0,0.0,0.0,0.0,3756.058031847262,3.348214014712994,0.0,0.0,101.4295032242062,0.0
53.25,6.75,0.0,0.0,0.0,60.631464379040466,0.0,0.0,3.8345276293674715,0.0,0.0,0.0,7.838409599912268,0.0,0.0,0.0,0.0,0.0,0.0,0.0,3184.725442700017,0.0,0.0,0.0,0.0,0.0
53.25,7.25,0.0,0.0,0.0,0.0,0.0,0.0,0.0,0.0,0.0,0.0,0.0,0.0,0.0,0.0,0.0,0.0,0.0,0.0,3362.467511979442,64.07406184845604,0.0,0.0,0.0,0.0
53.25,7.75,0.0,0.0,0.0,0.0,0.0,0.0,0.0,0.0,0.0,0.0,0.0,0.0,0.0,0.0,0.0,0.0,0.0,0.0,4878.707121682335,2591.6096576426753,0.0,0.0,0.0,0.0
53.25,8.25,0.0,0.0,0.0,0.0,0.0,0.0,0.0,0.0,0.0,0.0,0.0,0.0,0.0,0.0,0.0,0.0,0.0,0.0,5753.952239628635,3767.6843360351186,0.0,0.0,0.0,0.0
53.25,8.75,0.0,0.0,0.0,0.0,0.0,0.0,10.24949751458226,0.0,0.0,0.0,0.0,0.0,0.0,0.0,0.0,0.0,0.0,0.0,5133.711177079709,2904.490597561388,0.0,0.0,0.0,0.0
53.25,9.25,0.0,0.0,0.0,0.0,0.0,0.0,18.321574565298306,0.0,0.0,0.0,0.0,0.0,0.0,0.0,0.0,0.0,0.0,0.0,4292.683386978991,1823.0013529459593,0.0,0.0,0.0,0.0
53.25,9.75,0.0,0.0,0.0,0.0,0.0,0.0,39.1191355137492,0.0,0.0,0.0,72.7285499462476,0.0,0.0,0.0,0.0,0.0,0.0,0.0,6599.3431176642825,4957.162985752853,0.0,0.0,15.845975177249443,0.0
53.25,10.25,0.0,0.0,0.0,13.194060375234216,0.0,0.0,1.4741049711475966,0.0,0.0,0.0,70.159151384641,0.0,0.0,0.0,0.0,0.0,0.0,0.0,8147.030508305525,7196.685088766348,0.0,0.0,29.812180018387977,0.0
53.25,10.75,0.0,0.0,0.0,114.67845429494403,0.0,0.0,4.209876437059734,0.0,0.0,0.0,12.021429467197606,0.0,0.0,0.0,0.0,0.0,0.0,0.0,8298.298826202832,7577.726156454356,0.0,0.0,18.263900829202186,0.0
53.25,11.25,0.0,0.0,0.0,283.657856593779,0.0,0.0,41.92404911274767,0.0,0.0,0.0,27.78854259495563,0.0,0.0,0.0,0.0,0.0,0.0,0.0,9827.896799608563,9438.764981180764,0.0,0.0,59.419674385388845,0.0
53.25,11.75,0.0,0.0,0.0,398.2791424865428,0.0,0.0,91.66703348544979,0.0,140.13624252619005,0.0,20.344877531514953,0.0,0.0,0.0,0.0,0.0,0.0,0.0,10492.182927356342,10250.811588388204,0.0,0.0,66.00149272411707,0.0
53.25,12.25,0.0,0.0,0.0,232.62527739585633,0.0,0.0,75.28017894032067,0.0,306.68443648922675,0.0,2.8253291714569286,0.0,0.0,0.0,0.0,0.0,0.0,0.0,11428.115197010013,11318.806436718145,0.0,0.0,5.005541903461449,0.0
53.25,12.75,0.0,0.0,0.0,272.0071415395438,0.0,0.0,74.6419518488216,0.0,472.72816179429276,0.0,15.740812744727435,0.0,0.0,0.0,0.0,0.0,0.0,0.0,13743.16155062053,13736.215635263465,59.912468120111356,0.0,38.17597026296568,0.0
53.25,13.25,0.0,0.0,0.0,328.0511241977016,0.0,0.0,72.7976270160776,0.0,339.8820003259134,0.0,24.529027203876666,0.0,0.0,0.0,0.0,0.0,12.082081348059319,0.0,12442.976218281581,12386.91936727725,61.11848760173575,0.0,162.12153951892483,0.0
53.25,13.75,0.0,0.0,0.0,78.90462322176131,0.0,0.0,18.467858753100018,0.0,170.71899661254199,0.0,1.388374019457956,0.0,0.0,0.0,0.0,0.0,0.0,0.0,7103.043775246965,6280.903115065285,0.0,0.0,139.8792139831583,0.0
53.25,14.25,0.0,0.0,0.0,15.766782246433422,0.0,0.0,225.57413558870158,0.0,277.6495108233297,0.0,0.0,0.0,0.0,0.0,0.0,0.0,0.0,0.0,4470.233252117693,2782.2438157245015,5.100336010551359,0.0,286.1799944269285,0.0
53.25,14.75,0.0,0.0,0.0,0.0,0.0,0.0,503.10503233893735,0.0,290.1099482487555,0.0,0.0,0.0,0.0,0.0,0.0,0.0,0.0,0.0,3508.9391281845574,1882.1781146669268,221.46203632340624,0.0,548.2794755250474,0.0
53.25,15.25,0.0,0.0,0.0,0.0,0.0,0.0,283.18683903853145,0.0,109.9715041489184,0.0,0.0,0.0,0.0,0.0,0.0,0.0,0.0,0.0,1721.7057950627411,671.8750894120385,100.95602806394405,0.0,375.92158443998,0.0
52.75,4.75,0.0,22.325834647429247,0.0,4206.8750855163025,0.0,0.0,523.916878369933,0.0,22.4645049920652,0.0,651.760621938817,0.0,0.0,524.660665231834,20.86620999772208,157.61070103128935,15.067275170889332,247.216641417634,5803.155344473468,1022.4401039035665,819.5518815729723,0.0,2789.1247745101105,308.6642135129654
52.75,5.25,0.0,0.0,0.0,1039.4335028537432,0.0,0.0,115.4518190461481,0.0,0.0,0.0,0.0,0.0,0.0,0.0,0.0,0.0,0.0,0.0,2851.7928534172775,0.0,0.0,0.0,643.8033299777951,0.0
52.75,5.75,0.0,0.0,0.0,113.88117399025083,0.0,0.0,0.0,0.0,0.0,0.0,0.0,0.0,0.0,0.0,0.0,0.0,0.0,0.0,1875.3619897249355,0.0,0.0,0.0,20.77713048922851,0.0
52.75,6.25,0.0,0.0,0.0,0.0,0.0,0.0,0.0,0.0,0.0,0.0,0.0,0.0,0.0,0.0,0.0,0.0,0.0,0.0,857.8568495521478,0.0,0.0,0.0,0.0,0.0
52.75,6.75,0.0,0.0,0.0,0.0,0.0,0.0,0.0,0.0,0.0,0.0,0.0,0.0,0.0,0.0,0.0,0.0,0.0,0.0,965.7063425890738,0.0,0.0,0.0,0.0,0.0
52.75,7.25,0.0,0.0,0.0,0.0,0.0,0.0,0.0,0.0,0.0,0.0,0.0,0.0,0.0,0.0,0.0,0.0,0.0,0.0,1904.430973441929,0.0,0.0,0.0,0.0,0.0
52.75,7.75,0.0,0.0,0.0,0.0,0.0,0.0,0.0,0.0,0.0,0.0,0.0,0.0,0.0,0.0,0.0,0.0,0.0,0.0,3136.5453737827643,22.221707027738205,0.0,0.0,0.0,0.0
52.75,8.25,0.0,0.0,0.0,0.0,0.0,0.0,0.0,0.0,0.0,0.0,0.0,0.0,0.0,0.0,0.0,0.0,0.0,0.0,4028.8547446645834,1357.6037082271932,0.0,0.0,0.0,0.0
52.75,8.75,0.0,0.0,0.0,0.0,0.0,0.0,0.0,0.0,0.0,0.0,0.0,0.0,0.0,0.0,0.0,0.0,0.0,0.0,3821.9315325322873,1232.4103921544088,0.0,0.0,0.0,0.0
52.75,9.25,0.0,0.0,0.0,0.0,0.0,0.0,0.0,0.0,0.0,0.0,26.805475001836243,0.0,0.0,0.0,0.0,0.0,0.0,0.0,4466.189290939895,2219.13645361052,0.0,0.0,40.74917185899321,0.0
52.75,9.75,0.0,0.0,0.0,17.23633104537953,0.0,0.0,0.0,0.0,0.0,0.0,190.72143898495034,0.0,0.0,0.0,0.0,0.0,0.0,0.0,7376.557282040758,5918.515687131818,0.0,0.0,303.23113114057236,0.0
52.75,10.25,0.0,0.0,0.0,165.9047928141389,0.0,0.0,0.0,0.0,0.0,0.0,189.88343405149286,0.0,0.0,0.0,0.0,0.0,0.0,0.0,8950.610501467863,8199.769434962434,0.0,0.0,120.99106343955484,0.0
52.75,10.75,0.0,0.0,0.0,389.52978427858716,0.0,0.0,0.0,0.0,0.0,0.0,108.5504009766714,0.0,0.0,0.0,0.0,0.0,0.0,0.0,9804.74797087666,9394.177487387702,0.0,0.0,87.88429601647132,0.0
52.75,11.25,0.0,0.0,0.0,551.9808178397892,0.0,0.0,0.0,0.0,0.0,0.0,28.6209160491579,0.0,0.0,0.0,0.0,0.0,0.0,0.0,10285.10296885558,9976.966124741517,0.0,0.0,174.13122578731515,0.0
52.75,11.75,0.0,0.0,0.0,580.7111760809842,0.0,0.0,0.0,0.0,0.0,0.0,0.0,0.0,0.0,0.0,0.0,0.0,0.0,0.0,10922.266677716174,10698.452850071264,0.0,0.0,161.76016850957177,0.0
52.75,12.25,0.0,0.0,0.0,912.6401149159624,0.0,0.0,24.84155370087919,0.0,182.22437634672048,0.0,14.767358845329483,0.0,0.0,0.0,0.0,0.0,0.0,0.0,12752.625352962368,12710.419947174627,0.0,0.0,346.8226810871534,0.0
52.75,12.75,0.0,0.0,0.0,867.5357073097954,0.0,0.0,1.745019587967363,0.0,166.13827070913166,0.0,18.94978480138377,0.0,0.0,0.0,0.0,0.0,0.0,0.0,12026.093511405576,11964.154608522997,0.9269869366351031,0.0,423.06387447053163,0.0
52.75,13.25,0.0,0.0,0.0,1537.4252359309185,0.0,0.0,85.36627770444778,0.0,404.9429617246589,0.0,26.892226728539868,0.0,0.0,0.0,0.0,0.0,120.79024319368617,0.0,13125.898757042498,13052.86704606668,176.6823856501467,0.0,824.6615406345577,36.216933143898046
52.75,13.75,0.0,0.0,0.0,1730.9549387168654,0.0,0.0,287.32468517367715,0.0,500.6135956310378,0.0,7.442230088337425,0.0,0.0,0.0,0.0,6.49191684503711,185.8126673264348,0.0,10456.289201638529,10104.541452992158,238.64261768551188,0.0,965.8637959715411,113.98248178504411
52.75,14.25,0.0,0.0,0.0,299.38020933607834,0.0,0.0,319.4079218998885,0.0,200.6864924660857,0.0,0.0,0.0,0.0,0.0,0.0,0.0,0.0,0.0,4613.69108619119,3311.7116826313822,61.460370107223696,0.0,744.7492535567307,10.98038307830538
52.75,14.75,0.0,0.0,0.0,27.97063258108807,0.0,0.0,346.1656942828805,0.0,158.86291796109563,0.0,0.0,0.0,0.0,0.0,0.0,0.0,0.0,0.0,4075.453363567167,2635.287718326127,176.78708863099877,0.0,934.519807120658,3.593807668873467
52.75,15.25,0.0,0.0,0.0,62.79889484744285,0.0,0.0,334.42219504894314,0.0,151.91333244888853,0.0,0.0,0.0,0.0,0.0,0.0,7.2393723432632555,0.0,0.0,4592.1874683045025,3314.1214300091256,246.58852613456196,0.0,575.5665252615038,0.0
52.25,4.75,0.0,0.0,0.0,696.8489114189338,0.0,0.0,205.86328938288125,0.0,0.0,0.0,24.633442413206012,0.0,0.0,0.0,0.0,0.0,0.0,0.0,2618.4923056662933,0.0,213.03468082675963,0.0,920.2862175850298,1.1596888273672903
52.25,5.25,0.0,0.0,0.0,40.813229198772234,0.0,0.0,29.18280259400302,0.0,0.0,0.0,0.0,0.0,0.0,0.0,0.0,0.0,0.0,0.0,2298.288797047796,0.0,4.592405794295814,0.0,8.781608528221227,0.0
52.25,5.75,0.0,0.0,0.0,0.0,0.0,0.0,0.0,0.0,0.0,0.0,0.0,0.0,0.0,0.0,0.0,0.0,0.0,0.0,1996.2497712118,0.0,0.0,0.0,0.0,0.0
52.25,6.25,0.0,0.0,0.0,0.0,0.0,0.0,0.0,0.0,0.0,0.0,0.0,0.0,0.0,0.0,0.0,0.0,0.0,0.0,886.8660208546727,0.0,0.0,0.0,0.0,0.0
52.25,6.75,0.0,0.0,0.0,0.0,0.0,0.0,0.0,0.0,0.0,0.0,0.0,0.0,0.0,0.0,0.0,0.0,0.0,0.0,784.4298803401482,0.0,0.0,0.0,0.0,0.0
52.25,7.25,0.0,0.0,0.0,0.0,0.0,0.0,0.0,0.0,0.0,0.0,0.0,0.0,0.0,0.0,0.0,0.0,0.0,0.0,1822.258803673712,0.0,0.0,0.0,0.0,0.0
52.25,7.75,0.0,0.0,0.0,0.0,0.0,0.0,0.0,0.0,0.0,0.0,0.0,0.0,0.0,0.0,0.0,0.0,0.0,0.0,2850.261307433965,0.0,0.0,0.0,0.0,0.0
52.25,8.25,0.0,0.0,0.0,0.0,0.0,0.0,0.0,0.0,0.0,0.0,0.0,0.0,0.0,0.0,0.0,0.0,0.0,0.0,2995.8826029215325,0.0,0.0,0.0,0.0,0.0
52.25,8.75,0.0,0.0,0.0,0.0,0.0,0.0,0.0,0.0,0.0,0.0,0.0,0.0,0.0,0.0,0.0,0.0,0.0,0.0,2328.1332883923483,0.0,0.0,0.0,0.0,0.0
52.25,9.25,0.0,0.0,0.0,1.6644822641173391,0.0,0.0,0.0,0.0,0.0,0.0,33.06946621136427,0.0,0.0,0.0,0.0,0.0,0.0,0.0,3315.918753125598,425.55449888921765,0.0,0.0,73.1000236395297,0.0
52.25,9.75,0.0,0.0,0.0,18.044300861035055,0.0,0.0,0.0,0.0,0.0,0.0,60.42015368976263,0.0,0.0,0.0,0.0,0.0,0.0,0.0,3838.897589307373,1444.1897490397437,0.0,0.0,86.88622000234426,0.0
52.25,10.25,0.0,0.0,0.0,62.46675348102795,0.0,0.0,0.0,0.0,0.0,0.0,31.882953975825558,0.0,0.0,0.0,0.0,0.0,0.0,0.0,4787.660836743456,2764.073864783127,0.0,0.0,10.902705822181133,0.0
52.25,10.75,0.0,0.0,0.0,221.0996647699925,0.0,0.0,0.0,0.0,0.0,0.0,2.428817901230559,0.0,0.0,0.0,0.0,0.0,0.0,0.0,7225.119267460079,6062.480689467419,0.0,0.0,8.17582763757008,0.0
52.25,11.25,0.0,0.0,0.0,565.060867418409,0.0,0.0,0.0,0.0,0.0,0.0,0.602949029859758,0.0,0.0,0.0,0.0,0.0,0.0,0.0,9895.605209276873,9415.545164220832,0.0,0.0,294.4920339038947,0.0
52.25,11.75,0.0,0.0,0.0,1049.2111429803388,0.0,0.0,3.4292731312140745,0.0,0.0,0.0,0.5980172545968685,0.0,0.0,0.0,0.0,0.0,22.18363281518893,0.0,11721.825621198108,11468.632108055635,0.0,0.0,915.3873481197127,0.0
52.25,12.25,0.0,0.0,0.0,1911.468791902591,0.0,0.0,74.37888395050095,0.0,0.0,0.0,8.470997663941773,0.0,0.0,0.0,0.0,0.0,390.99062458164605,0.0,13774.250647728406,13704.105334040543,0.0,0.0,1177.302736766154,2.7542750887689635
52.25,12.75,0.0,0.0,0.0,2317.619166794308,0.0,0.0,103.02580125351454,0.0,2.4986939511458104,0.0,8.318840659915338,0.0,0.0,0.0,0.0,22.096979777209015,391.5693925210003,0.0,13610.334846748083,13538.454980603734,11.682007136331436,0.0,943.0132267925708,25.842676104403637
52.25,13.25,0.0,0.0,0.0,2739.549351472436,0.0,0.0,223.48584993015075,0.0,56.21982284613321,0.0,1.5151260098115245,0.0,0.0,0.0,0.0,50.06757690695878,415.8719591570309,0.0,13672.583828172232,13569.089580947599,385.160049693996,0.0,923.3225744384139,136.17254183338684
52.25,13.75,0.0,0.0,0.0,2319.1524730040815,0.0,0.0,426.69538411964294,0.0,91.3817578656903,0.0,0.0,0.0,0.0,0.0,0.0,4.408355153901823,63.33379096168247,0.0,11075.750708932015,10794.463649021727,278.49976830723944,0.0,721.4011338306448,147.73473268525382
52.25,14.25,0.0,0.0,0.0,1664.080464422799,0.0,0.0,838.6064180937169,0.0,196.89802697163,0.0,0.0,0.0,0.0,0.0,0.0,91.14061780615694,0.0,0.0,9681.31499645404,9292.751642184478,439.3038610619519,0.0,828.4471272640199,234.54636838367185
52.25,14.75,0.0,0.0,0.0,479.9300181289415,0.0,0.0,519.4720427577572,0.0,39.85670637840346,0.0,0.0,0.0,0.0,0.0,0.0,37.67419400173216,0.0,0.0,7527.505153295108,6646.50053220263,265.3089021594902,0.0,367.43458766236193,73.76017845842318
52.25,15.25,0.0,0.0,0.0,355.12709406427587,0.0,0.0,506.6049765602267,0.0,33.60368846011093,0.0,0.0,0.0,0.0,0.0,0.0,237.93051962860218,0.0,0.0,7416.176660857131,6521.436610460329,268.91847349559526,0.0,293.9926239678184,13.920767862792218
51.75,4.75,0.0,0.0,0.0,0.0,0.0,0.0,0.37861585014962884,0.0,0.0,0.0,0.0,0.0,0.0,0.0,0.0,0.0,0.0,0.0,1131.3740658097217,0.0,4.62801613827321,0.0,20.95922834006504,0.0
51.75,5.25,0.0,0.0,0.0,0.0,0.0,0.0,0.0,0.0,0.0,0.0,0.0,0.0,0.0,0.0,0.0,0.0,0.0,0.0,868.5530090227326,0.0,0.0,0.0,0.0,0.0
51.75,5.75,0.0,0.0,0.0,0.0,0.0,0.0,0.0,0.0,0.0,0.0,0.0,0.0,0.0,0.0,0.0,0.0,0.0,0.0,826.6368744301313,0.0,0.0,0.0,0.0,0.0
51.75,6.25,0.0,0.0,0.0,0.0,0.0,0.0,0.0,0.0,0.0,0.0,0.0,0.0,0.0,0.0,0.0,0.0,0.0,0.0,764.3794452903583,0.0,0.0,0.0,0.0,0.0
51.75,6.75,0.0,0.0,0.0,0.0,0.0,0.0,0.0,0.0,0.0,0.0,0.0,0.0,0.0,0.0,0.0,0.0,0.0,0.0,2989.2111382732396,2.2282064254998204,0.0,0.0,0.013976787097419674,0.0
51.75,7.25,0.0,0.0,0.0,0.0,0.0,0.0,0.0,0.0,0.0,0.0,0.0,0.0,0.0,0.0,0.0,0.0,0.0,0.0,2518.222543279239,0.0,0.0,0.0,0.0,0.0
51.75,7.75,0.0,0.0,0.0,0.0,0.0,0.0,0.0,0.0,0.0,0.0,0.0,0.0,0.0,0.0,0.0,0.0,0.0,0.0,1905.0044668744122,0.0,0.0,0.0,0.0,0.0
51.75,8.25,0.0,0.0,0.0,0.0,0.0,0.0,0.0,0.0,0.0,0.0,0.0,0.0,0.0,0.0,0.0,0.0,0.0,0.0,1210.5730068851972,0.0,0.0,0.0,0.0,0.0
51.75,8.75,0.0,0.0,0.0,0.0,0.0,0.0,0.0,0.0,0.0,0.0,0.0,0.0,0.0,0.0,0.0,0.0,0.0,0.0,1886.4296162580295,0.0,0.0,0.0,0.0,0.0
51.75,9.25,0.0,0.0,0.0,0.0,0.0,0.0,0.0,0.0,0.0,0.0,5.362504960008323,0.0,0.0,0.0,0.0,0.0,0.0,0.0,2664.3452670186566,0.0,0.0,0.0,30.690523945444653,0.0
51.75,9.75,0.0,0.0,0.0,188.82488161995312,0.0,0.0,0.0,0.0,0.0,0.0,13.505285163673648,0.0,0.0,0.0,0.0,0.0,0.0,0.0,4899.304564006196,2848.290827917913,0.0,0.0,84.24235379212465,0.0
51.75,10.25,0.0,0.0,0.0,204.56109643630387,0.0,0.0,0.0,0.0,0.0,0.0,6.3320537717686705,0.0,0.0,0.0,0.0,0.0,0.0,0.0,5829.107827991369,3924.7910576287495,0.0,0.0,0.6465941863256148,0.0
51.75,10.75,0.0,0.0,0.0,293.90594400440864,0.0,0.0,0.0,0.0,0.0,0.0,0.0,0.0,0.0,0.0,0.0,0.0,0.0,0.0,8283.114875805913,7169.968621803296,0.0,0.0,1.1811955643477745,0.0
51.75,11.25,0.0,0.0,0.0,431.5177113830029,0.0,0.0,0.0,0.0,0.0,0.0,0.0,0.0,0.0,0.0,0.0,0.0,0.0,0.0,8844.79922636358,8182.666953686533,0.0,0.0,2.7615952878148278,0.0
51.75,11.75,0.0,0.0,0.0,805.03791000878,0.0,0.0,0.0,0.0,0.0,0.0,0.0,0.0,0.0,0.0,0.0,0.0,0.0,0.0,8619.445244561897,7952.254354286477,0.0,0.0,97.72746802629513,0.0
51.75,12.25,0.0,0.0,0.0,1592.7424560818984,0.0,0.0,15.945814403559098,0.0,0.0,0.0,0.0,0.0,0.0,0.0,0.0,15.171876283025853,54.70868758937104,0.0,11844.971761871511,11531.794930065967,0.0,0.0,408.44217798406,60.54643636276114
51.75,12.75,0.0,0.0,0.0,1557.5476668990605,0.0,0.0,25.73168389103543,0.0,0.0,0.0,0.0,0.0,0.0,0.0,0.0,25.28250655529996,45.285396775218345,0.0,11226.261696716558,10830.28878930802,0.0,0.0,353.0147299967458,60.81355382291409
51.75,13.25,0.0,0.0,0.0,1688.2073273405063,0.0,0.0,126.77604491819847,0.0,0.0,0.0,0.0,0.0,0.0,0.0,0.0,20.887222476706114,4.189920078379771,0.0,10150.017830935778,9446.112285914993,57.04866061736459,0.0,434.6768908734792,103.72083293230435
51.75,13.75,0.0,0.0,0.0,1250.5855868618585,0.0,0.0,142.06177512776645,0.0,0.0,0.0,0.0,0.0,0.0,0.0,0.0,0.0,0.0,0.0,7476.992966272159,6300.293063534786,2.6926424167437517,0.0,122.31228125264934,26.537818234351306
51.75,14.25,0.0,0.0,0.0,2139.325577430847,0.0,0.0,677.0374766229568,0.0,0.0,0.0,0.47002042153241064,0.0,0.0,0.0,0.0,64.18452463144777,0.0,0.0,10260.848450487292,9553.761069583028,215.3437088047236,0.0,206.96346344065194,264.67972574790144
51.75,14.75,0.0,0.0,0.0,1156.5376327402369,0.0,0.0,487.1561009098992,0.0,0.0,0.0,0.0,0.0,0.0,0.0,0.0,44.01968598779584,0.0,0.0,8376.079683165945,7395.439286154026,40.431039103648686,0.0,59.07319164740545,71.09989665363227
51.75,15.25,0.0,0.0,0.0,604.2171136626439,0.0,0.0,368.2061961915406,0.0,0.0,0.0,0.0,0.0,0.0,0.0,0.0,171.94973830080053,0.0,0.0,5619.951616916537,4061.096999351432,0.0,0.0,33.25483158502442,0.0
51.25,4.75,0.0,0.0,0.0,0.0,0.0,0.0,0.0,0.0,0.0,0.0,0.0,0.0,0.0,0.0,0.0,0.0,0.0,0.0,678.5125571259217,0.0,0.0,0.0,0.0,0.0
51.25,5.25,0.0,0.0,0.0,0.0,0.0,0.0,0.0,0.0,0.0,0.0,0.0,0.0,0.0,0.0,0.0,0.0,0.0,0.0,929.3224197720267,0.0,0.0,0.0,0.0,0.0
51.25,5.75,0.0,0.0,0.0,0.0,0.0,0.0,0.0,0.0,0.0,0.0,0.0,0.0,0.0,0.0,0.0,0.0,0.0,0.0,1364.1026500077587,0.0,0.0,0.0,0.0,0.0
51.25,6.25,0.0,0.0,0.0,0.0,0.0,0.0,0.0,0.0,0.0,0.0,0.0,0.0,0.0,0.0,0.0,0.0,0.0,0.0,2734.1577693777676,0.0,0.0,0.0,0.0,0.0
51.25,6.75,0.0,0.0,0.0,0.0,0.0,0.0,0.0,0.0,0.0,0.0,0.0,0.0,0.0,0.0,0.0,0.0,0.0,0.0,2730.366163881593,1.2729038621322388,0.0,0.0,4.000764511595946,0.0
51.25,7.25,0.0,0.0,0.0,0.0,0.0,0.0,0.0,0.0,0.0,0.0,0.0,0.0,0.0,0.0,0.0,0.0,0.0,0.0,1947.8105822056434,0.0,0.0,0.0,0.0,0.0
51.25,7.75,0.0,0.0,0.0,0.0,0.0,0.0,0.0,0.0,0.0,0.0,0.0,0.0,0.0,0.0,0.0,0.0,0.0,0.0,1802.0209693567588,0.0,0.0,0.0,0.0,0.0
51.25,8.25,0.0,0.0,0.0,0.0,0.0,0.0,0.0,0.0,0.0,0.0,6.544744972338663,0.0,0.0,0.0,0.0,0.0,0.0,0.0,3053.0476011566307,0.0,0.0,0.0,0.0,0.0
51.25,8.75,0.0,0.0,0.0,0.0,0.0,0.0,0.0,0.0,0.0,0.0,8.150172330210864,0.0,0.0,0.0,0.0,0.0,0.0,0.0,3389.133579964446,294.75868317297335,0.0,0.0,19.523864777893863,0.0
51.25,9.25,0.0,0.0,0.0,191.34580070993644,0.0,0.0,0.0,0.0,0.0,0.0,19.41755724982292,0.0,0.0,0.0,0.0,0.0,0.0,0.0,4478.440808150875,2479.290637938922,0.0,0.0,187.34982424489243,12.965104840697194
51.25,9.75,0.0,0.0,0.0,1019.5464574144335,0.0,0.0,0.0,0.0,0.0,0.0,22.006936206046106,0.0,0.0,0.0,0.0,0.0,0.0,0.0,7257.051527350488,6039.675037306146,0.0,0.0,637.3429829776646,148.4047975936381
51.25,10.25,0.0,0.0,0.0,814.9953374776474,0.0,0.0,0.0,0.0,0.0,0.0,0.628843443633798,0.0,0.0,0.0,0.0,0.0,0.0,0.0,6917.965073828969,5522.938712980115,0.0,0.0,470.55573871909434,98.50525210844151
51.25,10.75,0.0,0.0,0.0,484.20300256916164,0.0,0.0,0.0,0.0,0.0,0.0,0.0,0.0,0.0,0.0,0.0,0.0,0.0,0.0,6241.621047122407,4906.755265036347,0.0,0.0,157.3110714259327,19.418179283161123
51.25,11.25,0.0,0.0,0.0,494.4373100531364,0.0,0.0,0.0,0.0,0.0,0.0,0.0,0.0,0.0,0.0,0.0,0.0,0.0,0.0,6514.524076586045,5480.203926439712,0.0,0.0,95.21553172172531,0.0
51.25,11.75,0.0,0.0,0.0,647.3314997824396,0.0,0.0,0.0,0.0,0.0,0.0,0.0,0.0,0.0,0.0,0.0,0.0,0.0,0.0,6554.99420533861,5532.011650797842,0.0,0.0,135.83686118590407,0.0
51.25,12.25,0.0,0.0,0.0,651.1058299123225,0.0,0.0,0.0,0.0,0.0,0.0,0.0,0.0,0.0,0.0,0.0,0.5790207767892639,0.0,0.0,7773.039712892284,6747.224721948473,0.0,0.0,143.10593318669902,0.0
51.25,12.75,0.0,0.0,0.0,507.0861839860855,0.0,0.0,0.0,0.0,0.0,0.0,0.0,0.0,0.0,0.0,0.0,0.0,0.0,0.0,6739.796015667011,5179.572087169243,0.0,0.0,102.63915882626304,0.0
51.25,13.25,0.0,0.0,0.0,125.0298265131137,0.0,0.0,0.0,0.0,0.0,0.0,0.0,0.0,0.0,0.0,0.0,0.0,0.0,0.0,4244.526626969555,1840.8320139263585,0.0,0.0,5.362036108494067,0.0
51.25,13.75,0.0,0.0,0.0,259.6577516895578,0.0,0.0,12.990299470551207,0.0,0.0,0.0,0.0,0.0,0.0,0.0,0.0,0.0,0.0,0.0,6205.547321796503,4324.429417169851,0.0,0.0,0.9424441236246253,22.374561417937343
51.25,14.25,0.0,0.0,0.0,2.9467685800414642,0.0,0.0,51.85209492631253,0.0,0.0,0.0,0.0,0.0,0.0,0.0,0.0,0.0,0.0,0.0,5294.252917624959,3237.220417117735,0.0,0.0,0.0,0.0
51.25,14.75,0.0,0.0,0.0,0.0,0.0,0.0,36.419599379453246,0.0,0.0,0.0,0.0,0.0,0.0,0.0,0.0,0.0,0.0,0.0,3134.1193894769654,0.0,0.0,0.0,0.0,0.0
51.25,15.25,0.0,0.0,0.0,0.0,0.0,0.0,49.49032415106623,0.0,0.0,0.0,0.0,0.0,0.0,0.0,0.0,0.0,0.0,0.0,1764.2974428290563,0.0,0.0,0.0,0.0,0.0
50.75,4.75,0.0,0.0,0.0,0.0,0.0,0.0,0.0,0.0,0.0,0.0,0.0,0.0,0.0,0.0,0.0,0.0,0.0,0.0,1088.117997126202,0.0,43.14694185342532,0.0,0.7498117481262057,0.0
50.75,5.25,0.0,0.0,0.0,0.0,0.0,0.0,0.0,0.0,0.0,0.0,0.0,0.0,0.0,0.0,0.0,0.0,0.0,0.0,457.1491592562745,0.0,0.0,0.0,0.0,0.0
50.75,5.75,0.0,0.0,0.0,0.0,0.0,0.0,0.0,0.0,0.0,0.0,0.0,0.0,0.0,0.0,0.0,0.0,0.0,0.0,597.6907645523752,0.0,0.0,0.0,0.0,0.0
50.75,6.25,0.0,0.0,0.0,0.0,0.0,0.0,0.0,0.0,0.0,0.0,0.0,0.0,0.0,0.0,0.0,0.0,0.0,0.0,301.362886195918,0.0,0.0,0.0,0.0,0.0
50.75,6.75,0.0,0.0,0.0,0.0,0.0,0.0,0.0,0.0,0.0,0.0,0.0,0.0,0.0,0.0,0.0,0.0,0.0,0.0,468.94992307920506,0.0,0.0,0.0,0.0,0.0
50.75,7.25,0.0,0.0,0.0,8.027825984359879,0.0,0.0,0.0,0.0,0.0,0.0,0.0,0.0,0.0,0.0,0.0,0.0,0.0,0.0,1525.6694136737917,0.0,45.7001793335632,0.0,56.552983820315404,0.0
50.75,7.75,0.0,0.0,0.0,0.8612287451194902,0.0,0.0,0.0,0.0,0.0,0.0,1.7311133780401633,0.0,0.0,0.0,0.0,0.0,0.0,0.0,1523.9670365265142,0.0,10.145865599817427,0.0,63.50294427214749,0.0
50.75,8.25,0.0,0.0,0.0,4.935468997028693,0.0,0.0,0.0,0.0,0.0,0.0,1.3820831598717405,0.0,0.0,0.0,0.0,0.0,0.0,0.0,3254.799252582701,3.6693952291149117,0.0,0.0,145.74545581535037,56.90831677056258
50.75,8.75,0.0,0.0,0.0,353.109086238211,0.0,0.0,0.0,0.0,0.0,0.0,0.0,0.0,0.0,0.0,0.0,0.0,0.0,0.0,4295.837066415365,2003.0501702896984,0.0,0.0,373.5550254265549,154.77474258784508
50.75,9.25,0.0,0.0,0.0,1333.9617277979028,0.0,0.0,0.0,0.0,0.0,0.0,9.677199062599357,0.0,0.0,0.0,0.0,0.0,0.0,0.0,4377.734242440998,2148.705921054487,0.0,0.0,816.9854754155272,253.92414444083803
50.75,9.75,0.0,0.0,0.0,1664.4218305375662,0.0,0.0,0.0,0.0,0.0,0.0,0.0,0.0,0.0,0.0,0.0,0.0,0.0,0.0,4821.214943530762,2760.5552942616528,0.0,0.0,1035.6777286583074,300.1083469757873
50.75,10.25,0.0,0.0,0.0,2088.114100512381,0.0,0.0,0.0,0.0,0.0,0.0,0.0,0.0,0.0,0.0,0.0,25.899454192200352,0.0,0.0,5240.96384216226,3569.820984622935,0.0,0.0,1386.1533043581874,273.2654769558874
50.75,10.75,0.0,0.0,0.0,1460.5091679004831,0.0,0.0,0.0,0.0,0.0,0.0,0.0,0.0,0.0,0.0,0.0,13.339287275448925,0.0,0.0,5297.426898833074,3846.3784966727326,0.0,0.0,1388.655178304227,327.23958193863643
50.75,11.25,0.0,0.0,0.0,852.0622545583506,0.0,0.0,0.0,0.0,0.0,0.0,0.0,0.0,0.0,0.0,0.0,10.414281921301466,0.0,0.0,4686.354473361015,3179.6441372003483,0.0,0.0,1030.5366083422568,246.74407216076415
50.75,11.75,0.0,0.0,0.0,524.8699070636027,0.0,0.0,0.0,0.0,0.0,0.0,0.0,0.0,0.0,0.0,0.0,0.0,0.0,0.0,4442.951119805902,2957.1495720688686,0.0,0.0,675.6407998691279,56.96980635236463
50.75,12.25,0.0,0.0,0.0,156.6228154944832,0.0,0.0,0.0,0.0,0.0,0.0,0.0,0.0,0.0,0.0,0.0,0.0,0.0,0.0,3407.8171412975726,1165.8623800913106,0.0,0.0,140.2133465104401,0.0
50.75,12.75,0.0,0.0,0.0,76.72624900572055,0.0,0.0,0.0,0.0,0.0,0.0,0.0,0.0,0.0,0.0,0.0,0.0,0.0,0.0,2359.066657952247,0.0,0.0,0.0,11.062854365276337,0.0
50.75,13.25,0.0,0.0,0.0,11.332668606142192,0.0,0.0,0.0,0.0,0.0,0.0,0.0,0.0,0.0,0.0,0.0,0.0,0.0,0.0,1803.5512265417324,0.0,0.0,0.0,0.0,0.0
50.75,13.75,0.0,0.0,0.0,141.2058988328893,0.0,0.0,0.0,0.0,0.0,0.0,0.0,0.0,0.0,0.0,0.0,3.9959562727493676,0.0,0.0,3313.2336316540095,838.4812616615654,0.0,0.0,0.0,0.0
50.75,14.25,0.0,0.0,0.0,25.902965478056927,0.0,0.0,1.23618784958785,0.0,0.0,0.0,0.0,0.0,0.0,0.0,0.0,43.03658193895038,0.0,0.0,3859.0837953860873,1725.1474576189378,0.0,0.0,0.0,0.0
50.75,14.75,0.0,0.0,0.0,0.0,0.0,0.0,0.0,0.0,0.0,0.0,0.0,0.0,0.0,0.0,0.0,41.24459499732717,0.0,0.0,2575.0155275616876,0.0,0.0,0.0,0.0,0.0
50.75,15.25,0.0,0.0,0.0,6.650644273001774,0.0,0.0,0.6479797511806282,0.0,0.0,0.0,0.0,0.0,0.0,0.0,0.0,15.656005341277194,0.0,0.0,773.7279478561924,0.0,0.0,0.0,0.0,0.0
50.25,4.75,0.0,0.0,0.0,0.0,0.0,0.0,0.0,0.0,0.0,0.0,0.0,0.0,0.0,0.0,0.0,0.0,0.0,0.0,498.4056055083372,0.0,247.66195056271283,0.0,0.0,0.0
50.25,5.25,0.0,0.0,0.0,0.0,0.0,0.0,0.0,0.0,0.0,0.0,0.0,0.0,0.0,0.0,0.0,0.0,0.0,0.0,361.46852284389547,0.0,76.5172082774055,0.0,0.0,0.0
50.25,5.75,0.0,0.0,0.0,0.0,0.0,0.0,0.0,0.0,0.0,0.0,0.0,0.0,0.0,0.0,0.0,0.0,0.0,0.0,161.24307324819102,0.0,0.0,0.0,0.0,0.0
50.25,6.25,0.0,0.0,0.0,0.0,0.0,0.0,0.0,0.0,0.0,0.0,0.0,0.0,0.0,0.0,0.0,0.0,0.0,0.0,41.17559527012162,0.0,0.0,0.0,0.0,0.0
50.25,6.75,0.0,0.0,0.0,46.17409812698918,0.0,0.0,0.0,0.0,0.0,0.0,0.0,0.0,0.0,0.0,0.0,0.0,0.0,0.0,1097.373178864883,0.0,21.700204403812194,0.0,26.572683036488826,0.0
50.25,7.25,0.0,0.0,0.0,60.9865046375962,0.0,0.0,0.0,0.0,0.0,0.0,0.0,0.0,0.0,0.0,0.0,0.0,0.0,0.0,1686.1124350640039,0.0,47.51394706277995,0.0,47.76252491286516,0.012670914976183667
50.25,7.75,0.0,0.0,0.0,445.8154157653737,0.0,0.0,0.0,0.0,0.0,0.0,0.0,0.0,0.0,0.0,0.0,0.0,0.0,0.0,2874.4477984451905,111.78539240615902,66.64333424151519,0.0,148.44769155840902,91.06483289477384
50.25,8.25,0.0,0.0,0.0,532.2173676764559,0.0,0.0,0.0,0.0,0.0,0.0,0.0,0.0,0.0,0.0,0.0,0.0,0.0,0.0,3083.408675993077,569.6002792530373,1.8313827545275103,0.0,295.6603017363742,125.01090939894885
50.25,8.75,0.0,0.0,0.0,1550.9539971728802,0.0,0.0,0.0,0.0,0.0,0.0,0.0,0.0,0.0,0.0,0.0,0.6067695564859719,0.0,0.0,3842.1469312446334,1380.9249041092717,0.8025766871052156,0.0,907.134851319013,283.12621113420863
50.25,9.25,0.0,0.0,0.0,3342.305119447413,0.0,0.0,0.0,0.0,0.0,0.0,0.0,0.0,0.0,0.0,0.0,39.99593840646045,0.0,0.0,5201.667246295578,2769.1311943080013,3.859306269916317,0.0,1575.875969074591,456.61082589902105
50.25,9.75,0.0,0.0,0.0,3287.099069508061,0.0,0.0,0.0,0.0,0.0,0.0,0.11332154214625234,0.0,0.0,0.0,0.0,15.069275040254865,0.0,0.0,4973.175637503597,2724.931707423734,0.0,0.0,1456.5962752981318,365.84732999867845
50.25,10.25,0.0,0.0,0.0,2647.2787103758,0.0,0.0,0.0,0.0,0.0,0.0,0.0,0.0,0.0,0.0,0.0,3.151867486279741,0.0,0.0,2874.4989217070215,601.279852040677,0.0,0.0,1226.1827254968114,227.44946680223762
50.25,10.75,0.0,0.0,0.0,1930.8607566600504,0.0,0.0,0.0,0.0,0.0,0.0,0.0,0.0,0.0,0.0,0.0,4.882116319324382,0.0,0.0,2105.742924579621,0.0,0.0,0.0,1032.487372578163,243.03966980498222
50.25,11.25,0.0,0.0,0.0,1380.6823037041277,0.0,0.0,0.0,0.0,0.0,0.0,0.0,0.0,0.0,0.0,0.0,24.314808422091147,0.0,0.0,2727.431477115822,93.6954929758038,0.0,0.0,872.4442317658074,214.81573170663594
50.25,11.75,0.0,0.0,0.0,389.71649205628717,0.0,0.0,0.0,0.0,0.0,0.0,0.0,0.0,0.0,0.0,0.0,5.1795260332876865,0.0,0.0,3048.1799460854404,515.2779453371577,0.0,0.0,390.88882220223286,103.07994832998622
50.25,12.25,0.0,0.0,0.0,352.2536083574855,0.0,0.0,0.0,0.0,0.0,0.0,0.0,0.0,0.0,0.0,0.0,12.30892053862462,0.0,0.0,3878.327751316998,1652.4307047203356,0.0,0.0,284.7562469954223,123.11301243432857
50.25,12.75,0.0,0.0,0.0,356.900723181379,0.0,0.0,0.0,0.0,0.0,0.0,0.0,0.0,0.0,0.0,0.0,27.2474345646516,0.0,0.0,2467.6255847424627,4.128626653706874,0.0,0.0,128.2663053420811,14.86836130475342
50.25,13.25,0.0,0.0,0.0,173.9393192333871,0.0,0.0,0.0,0.0,0.0,0.0,0.0,0.0,0.0,0.0,0.0,38.57986363345336,0.0,0.0,1739.3970424033955,0.0,0.0,0.0,0.0,0.0
50.25,13.75,0.0,0.0,0.0,170.69565386144444,0.0,0.0,0.0,0.0,0.0,0.0,0.0,0.0,0.0,0.0,0.0,72.74925247543217,0.0,0.0,2123.65512011007,0.0,0.0,0.0,0.0,0.0
50.25,14.25,0.0,0.0,0.0,10.015085400376506,0.0,0.0,0.0,0.0,0.0,0.0,0.0,0.0,0.0,0.0,0.0,83.06011819486542,0.0,0.0,1991.7382607349384,0.0,0.0,0.0,0.0,0.0
50.25,14.75,0.0,0.0,0.0,0.0,0.0,0.0,0.0,0.0,0.0,0.0,0.0,0.0,0.0,0.0,0.0,46.65431648574469,0.0,0.0,725.4238953586876,0.0,0.0,0.0,0.0,0.0
50.25,15.25,0.0,0.0,0.0,0.0,0.0,0.0,0.0,0.0,0.0,0.0,0.0,0.0,0.0,0.0,0.0,6.739486809786115,0.0,0.0,215.29115484188873,0.0,0.0,0.0,0.0,0.0
49.75,4.75,0.0,0.0,0.0,0.0,0.0,0.0,0.0,0.0,0.0,0.0,0.0,0.0,0.0,0.0,0.0,0.0,0.0,0.0,924.4327001720619,0.0,1124.9483034345799,0.0,0.0,0.0
49.75,5.25,0.0,0.0,0.0,3.8047019221501728,0.0,0.0,0.0,0.0,0.0,0.0,0.0,0.0,0.0,0.0,0.0,0.0,0.0,0.0,835.6421067981605,0.0,878.5250070280646,0.0,0.0,0.0
49.75,5.75,0.0,0.0,0.0,21.34995599794675,0.0,0.0,0.0,0.0,0.0,0.0,0.0,0.0,0.0,0.0,0.0,0.0,0.0,0.0,594.9249894188812,0.0,402.7711578131973,0.0,0.0,0.0
49.75,6.25,0.0,0.0,0.0,64.24818792499445,0.0,0.0,0.0,0.0,0.0,0.0,0.0,0.0,0.0,0.0,0.0,0.0,0.0,0.0,1713.655608375656,0.0,479.92352952181665,0.0,103.72650174759445,46.08544459248205
49.75,6.75,0.0,0.0,0.0,135.64535481362694,0.0,0.0,2.5808118120258428,0.0,0.0,0.0,0.0,0.0,0.0,0.0,0.0,24.086838026666385,0.0,0.0,3007.4906023260246,0.17443495741366633,538.3112986759506,0.0,494.51990512210995,152.66647517420026
49.75,7.25,0.0,0.0,0.0,570.1054001406274,0.0,0.0,25.834622170426172,0.0,0.0,0.0,0.0,0.0,0.0,0.0,0.0,197.98648691474148,0.0,0.0,4153.748733041784,1336.203505079503,630.8910603560755,0.0,751.8442001953752,349.32058697105197
49.75,7.75,0.0,0.0,0.0,1046.2271887535794,0.0,0.0,0.0,0.0,0.0,0.0,0.0,0.0,0.0,0.0,0.0,98.16744244824605,0.0,0.0,3589.527074581032,1414.797392756259,373.68136479868986,0.0,676.9414579539834,332.31859102183637
49.75,8.25,0.0,0.0,0.0,1040.4205717179218,0.0,0.0,0.0,0.0,0.0,0.0,0.0,0.0,0.0,0.0,0.0,10.59798596073395,0.0,0.0,2423.4866469072076,0.0,41.59101067674996,0.0,686.4969236905856,183.79966873335164
49.75,8.75,0.0,0.0,0.0,3564.134534588878,0.0,0.0,0.0,0.0,0.0,0.0,0.0,0.0,0.0,0.0,0.0,420.8954661318337,0.0,0.0,5697.338171635765,3576.6186662805003,216.06734461298893,0.0,1938.6745450335102,453.94657308739784
49.75,9.25,0.0,0.0,0.0,4295.255100964511,1009.7534915888236,0.0,0.0,0.0,0.0,0.0,0.0,0.0,0.0,0.0,0.0,346.7683310385996,0.0,0.0,5895.985499190697,3621.5088714563244,21.40441544665657,0.0,2077.6611379216247,443.40852447006034
49.75,9.75,0.0,0.0,0.0,3190.7814776158416,0.0,0.0,0.0,0.0,0.0,0.0,0.0,0.0,0.0,0.0,0.0,26.55150088841509,0.0,0.0,3170.11584533034,602.9559364972038,0.0,0.0,1160.2228203294608,215.27713394465542
49.75,10.25,0.0,0.0,0.0,3262.3510768718425,0.0,0.0,0.0,0.0,0.0,0.0,0.0,0.0,0.0,0.0,0.0,21.249100921324185,0.0,0.0,1755.2800476607904,0.0,0.0,0.0,749.4020232194187,270.12835735118176
49.75,10.75,0.0,0.0,0.0,2422.5681858966345,0.0,0.0,0.0,0.0,0.0,0.0,0.0,0.0,0.0,0.0,0.0,33.235214808770365,0.0,0.0,1245.227663255361,0.0,0.0,0.0,382.5374557035367,202.021648093025
49.75,11.25,0.0,0.0,0.0,2095.136701258177,0.0,0.0,0.0,0.0,0.0,0.0,0.0,0.0,0.0,0.0,0.0,62.21336008576921,0.0,0.0,1625.1350545626492,23.611700644551718,0.0,0.0,534.8397079369508,217.02672286891357
49.75,11.75,0.0,0.0,0.0,1405.2483013749675,0.0,0.0,0.0,0.0,0.0,0.0,0.0,0.0,0.0,0.0,0.0,78.65208871916792,0.0,0.0,3035.0684783556267,207.86197718380544,0.0,0.0,804.5716246084789,291.1392032923963
49.75,12.25,0.0,0.0,0.0,1149.1440736795576,0.0,0.0,0.0,0.0,0.0,0.0,0.0,0.0,0.0,0.0,0.0,91.07989137845917,0.0,0.0,3198.719064740819,699.2888344928052,0.0,0.0,698.57454864993,239.86062191554373
49.75,12.75,0.0,0.0,0.0,827.9681313351539,0.0,0.0,0.0,0.0,0.0,0.0,0.0,0.0,0.0,0.0,0.0,64.41384400830961,0.0,0.0,2002.8833302693129,0.0,0.0,0.0,165.98952080903172,127.22608067596056
49.75,13.25,0.0,0.0,0.0,666.9214745659526,0.0,0.0,0.0,0.0,0.0,0.0,0.0,0.0,0.0,0.0,0.0,78.5631140456997,0.0,0.0,2301.0092785168454,0.0,0.0,0.0,0.0,28.243068824390377
49.75,13.75,0.0,0.0,0.0,714.7271403544753,0.0,0.0,0.0,0.0,0.0,0.0,0.0,0.0,0.0,0.0,0.0,150.1918995324843,0.0,0.0,2696.9053965088233,17.382989631180237,0.0,0.0,0.0,3.0985776761241937
49.75,14.25,0.0,0.0,0.0,158.83907469495261,0.0,0.0,0.0,0.0,0.0,0.0,0.0,0.0,0.0,0.0,0.0,82.49871525880715,0.0,0.0,1156.8317748835977,0.0,0.0,0.0,0.0,0.0
49.75,14.75,0.0,0.0,0.0,0.0,0.0,0.0,0.0,0.0,0.0,0.0,0.0,0.0,0.0,0.0,0.0,2.766756528266967,0.0,0.0,432.0069309944177,0.0,0.0,0.0,0.0,0.0
49.75,15.25,0.0,0.0,0.0,0.0,0.0,0.0,0.0,0.0,0.0,0.0,0.0,0.0,0.0,0.0,0.0,0.0,0.0,0.0,169.3239823764356,0.0,0.0,0.0,0.0,0.0
49.25,4.75,0.0,0.0,0.0,0.0,0.0,0.0,0.0,0.0,0.0,0.0,0.0,0.0,0.0,0.0,0.0,0.0,0.0,0.0,90.85970206386293,0.0,934.6241410227633,0.0,0.0,0.0
49.25,5.25,0.0,0.0,0.0,20.988743261310532,0.0,0.0,0.0,0.0,0.0,0.0,0.0,0.0,0.0,0.0,0.0,0.0,0.0,0.0,1062.6679414341222,35.90724508348791,1165.5819085361823,0.0,0.0,0.0
49.25,5.75,0.0,0.0,0.0,108.71117683967256,0.0,0.0,0.0,0.0,0.0,0.0,0.0,0.0,0.0,0.0,0.0,0.0,0.0,0.0,1729.0444543352432,33.65540937859123,780.7362340821069,0.0,0.0,0.0
49.25,6.25,0.0,0.0,0.0,26.362719139183923,0.0,0.0,0.0,0.0,0.0,0.0,0.0,0.0,0.0,0.0,0.0,3.2417899060785658,0.0,0.0,2660.264231304306,0.0,422.68323686214535,0.0,0.1493311110822333,23.001613686849765
49.25,6.75,0.0,0.0,0.0,84.44099152697152,0.0,0.0,0.0,0.0,0.0,0.0,0.0,0.0,0.0,0.0,0.0,74.99214165036602,0.0,0.0,3452.379907028406,2.9680327464944867,234.88525647244757,0.0,264.61975689056584,179.70318347647728
49.25,7.25,0.0,0.0,0.0,465.838216247922,0.0,0.0,11.551797863556857,0.0,0.0,0.0,0.0,0.0,0.0,0.0,0.0,554.6726319548097,0.0,0.0,5411.094900221793,2735.4329981066326,385.5033626157785,0.0,821.0860790415303,592.8117913193657
49.25,7.75,0.0,0.0,0.0,2081.3709397593584,0.0,0.0,17.048992437474226,0.0,0.0,0.0,0.0,0.0,0.0,0.0,0.0,1402.3754388190898,0.0,0.0,7341.406560614621,5843.915758781331,1442.8667524405994,0.0,1658.3889752747582,698.1821389150538
49.25,8.25,0.0,0.0,0.0,3580.7833649293198,551.6385179189303,0.0,0.0,0.0,0.0,0.0,0.0,0.0,0.0,0.0,0.0,1205.8705424543655,0.0,0.0,8170.310321586118,7000.958257333478,1220.3596301377142,0.0,2383.6526567775372,606.4187018206071
49.25,8.75,0.0,0.0,0.0,3089.193696744,0.0,0.0,0.0,0.0,0.0,0.0,0.0,0.0,0.0,0.0,0.0,566.9321412686895,0.0,0.0,5324.154315323405,3032.278501305321,36.657591320560044,0.0,1925.6430869180565,264.30161921117144
49.25,9.25,0.0,0.0,0.0,2748.389607459161,0.0,0.0,0.0,0.0,0.0,0.0,0.0,0.0,0.0,0.0,0.0,132.8710434813876,0.0,0.0,2752.5039637475606,0.0,0.0,0.0,1616.0992296729894,92.82854154815251
49.25,9.75,0.0,0.0,0.0,2713.4897735283103,0.0,0.0,0.0,0.0,0.0,0.0,0.0,0.0,0.0,0.0,0.0,21.82988042367174,0.0,0.0,879.2079042500025,0.0,0.0,0.0,926.6305481136325,82.50693676738055
49.25,10.25,0.0,0.0,0.0,2402.683900314413,0.0,0.0,0.0,0.0,0.0,0.0,0.0,0.0,0.0,0.0,0.0,19.73364790011169,0.0,0.0,63.43311465163194,0.0,0.0,0.0,284.76931563720495,82.38297245865988
49.25,10.75,0.0,0.0,0.0,2246.190967184545,0.0,0.0,0.0,0.0,0.0,0.0,0.0,0.0,0.0,0.0,0.0,85.36976977722648,0.0,0.0,368.13040944229965,0.0,0.0,0.0,242.34213331057938,212.42364733235505
49.25,11.25,0.0,0.0,0.0,1758.4297158415197,0.0,0.0,0.0,0.0,0.0,0.0,0.0,0.0,0.0,0.0,0.0,59.52094547930582,0.0,0.0,48.79143161861538,0.0,0.0,0.0,266.7200242840844,110.823739939165
49.25,11.75,0.0,0.0,0.0,1033.2410045129766,0.0,0.0,0.0,0.0,0.0,0.0,0.0,0.0,0.0,0.0,0.0,38.032354902706004,0.0,0.0,66.73101412543295,0.0,0.0,0.0,432.93395183956704,84.55955106607601
49.25,12.25,0.0,0.0,0.0,972.2051391523773,0.0,0.0,0.0,0.0,0.0,0.0,0.0,0.0,0.0,0.0,0.0,74.9681063557868,0.0,0.0,298.33468311989964,0.0,0.0,0.0,685.3761995016957,125.20140257413001
49.25,12.75,0.0,0.0,0.0,385.2350697125487,0.0,0.0,0.0,0.0,0.0,0.0,0.0,0.0,0.0,0.0,0.0,50.31494866144368,0.0,0.0,190.96940205900742,0.0,0.0,0.0,120.48353619946974,141.0344975464555
49.25,13.25,0.0,0.0,0.0,2.5980959320765464,0.0,0.0,0.0,0.0,0.0,0.0,0.0,0.0,0.0,0.0,0.0,5.578588519315332,0.0,0.0,0.0,0.0,0.0,0.0,0.0,4.596050306478048
49.25,13.75,0.0,0.0,0.0,0.0,0.0,0.0,0.0,0.0,0.0,0.0,0.0,0.0,0.0,0.0,0.0,0.0,0.0,0.0,0.0,0.0,0.0,0.0,0.0,0.0
49.25,14.25,0.0,0.0,0.0,3.872090719366554,0.0,0.0,0.0,0.0,0.0,0.0,0.0,0.0,0.0,0.0,0.0,1.1644852928216665,0.0,0.0,33.66527859445213,0.0,0.0,0.0,0.0,0.0
49.25,14.75,0.0,0.0,0.0,10.68412511364943,0.0,0.0,0.0,0.0,0.0,0.0,0.0,0.0,0.0,0.0,0.0,28.541228081540993,0.0,0.0,447.65818111441143,0.0,0.0,0.0,0.0,0.0
49.25,15.25,0.0,0.0,0.0,0.0,0.0,0.0,0.0,0.0,0.0,0.0,0.0,0.0,0.0,0.0,0.0,36.90134764663898,0.0,0.0,360.7603338453161,0.0,0.0,0.0,0.0,0.0
48.75,4.75,0.0,0.0,0.0,0.3941643412680378,0.0,0.0,0.0,0.0,0.0,0.0,0.0,0.0,0.0,0.0,0.0,0.0,0.0,0.0,683.032656208873,368.10316611461417,984.9656907108855,0.0,0.0,0.0
48.75,5.25,0.0,0.0,0.0,73.09986137009065,0.0,0.0,0.0,0.0,0.0,0.0,0.0,0.0,0.0,0.0,0.0,0.0,0.0,0.0,2035.0074561992067,756.7258254613066,1074.0768955338335,0.0,0.0,0.0
48.75,5.75,0.0,0.0,0.0,304.72878488300444,0.0,0.0,0.0,0.0,0.0,0.0,0.0,0.0,0.0,0.0,0.0,4.086828978724668,0.0,0.0,3258.640994523698,405.69921932904094,638.4868730649982,0.0,0.0,1.1723930619704106
48.75,6.25,0.0,0.0,0.0,43.42748491962334,0.0,0.0,0.0,0.0,0.0,0.0,0.0,0.0,0.0,0.0,0.0,23.359697067087183,0.0,0.0,2902.818392422759,31.202411703525286,194.63059149216272,0.0,0.0,33.725632491709916
48.75,6.75,0.0,0.0,0.0,52.66888497790444,0.0,0.0,0.0,0.0,0.0,0.0,0.0,0.0,0.0,0.0,0.0,217.4759980280366,0.0,0.0,2443.325031849524,4.950211367910299,69.47392720381674,0.0,171.2581393196385,112.20561740229977
48.75,7.25,0.0,0.0,0.0,146.63870459292977,0.0,0.0,0.0,0.0,0.0,0.0,0.0,0.0,0.0,0.0,0.0,929.7307316674704,0.0,0.0,3072.5956128631915,19.966318729859978,22.877388077725442,0.0,451.303827136158,121.64709927179408
48.75,7.75,0.0,0.0,0.0,1500.7688282709828,0.0,0.0,0.8817644695201352,0.0,0.0,0.0,0.0,0.0,0.0,0.0,0.0,1199.1439861322285,0.0,0.0,5590.336267520193,3188.839826139359,137.63857665472247,0.0,1183.7059786101981,332.8187332302118
48.75,8.25,0.0,0.0,0.0,3425.6245489311477,0.0,0.0,2.187713943663539,0.0,0.0,0.0,0.0,0.0,0.0,0.0,0.0,1099.337806378091,50.998406879487476,0.0,5896.337510201758,3413.6879334267273,662.9664985518594,0.0,2593.565314478737,262.42622305248216
48.75,8.75,0.0,0.0,0.0,2333.5640397128745,0.0,0.0,0.0,0.0,0.0,0.0,0.0,0.0,0.0,0.0,0.0,218.55513162684315,0.0,0.0,2322.4541266885894,0.0,0.0,0.0,1811.2532999671262,33.83147223868207
48.75,9.25,0.0,0.0,0.0,2385.920927448041,0.0,0.0,0.0,0.0,0.0,0.0,0.0,0.0,0.0,0.0,0.0,83.11560549133083,0.0,0.0,920.1894236651892,0.0,0.0,0.0,1095.0220748150934,16.221374337066806
48.75,9.75,0.0,0.0,0.0,1812.4577078573666,0.0,0.0,0.0,0.0,0.0,0.0,0.0,0.0,0.0,0.0,0.0,39.96308242609115,0.0,0.0,15.955181729948691,0.0,0.0,0.0,289.0411608657341,4.815735123617117
48.75,10.25,0.0,0.0,0.0,1437.9122206773718,0.0,0.0,0.0,0.0,0.0,0.0,0.0,0.0,0.0,0.0,0.0,28.510587578042134,0.0,0.0,0.08950284963992772,0.0,0.0,0.0,130.33381206361616,27.297591366222576
48.75,10.75,0.0,0.0,0.0,1599.4465360136496,0.0,0.0,0.0,0.0,0.0,0.0,0.0,0.0,0.0,0.0,0.0,34.878429352269904,0.0,0.0,21.42570260865557,0.0,0.0,0.0,144.14324588573584,100.68277422035672
48.75,11.25,0.0,0.0,0.0,1089.6043567592546,0.0,0.0,0.0,0.0,0.0,0.0,0.0,0.0,0.0,0.0,0.0,8.854051222845527,0.0,0.0,0.10096288587078561,0.0,0.0,0.0,50.379890776910685,27.512595086431077
48.75,11.75,0.0,0.0,0.0,651.8306446239792,0.0,0.0,0.0,0.0,0.0,0.0,0.0,0.0,0.0,0.0,0.0,11.091824062732911,0.0,0.0,0.6756910987692777,0.0,0.0,0.0,68.28325034066708,20.01523271645766
48.75,12.25,0.0,0.0,0.0,33.25510650349423,0.0,0.0,0.0,0.0,0.0,0.0,0.0,0.0,0.0,0.0,0.0,0.0,0.0,0.0,0.0,0.0,0.0,0.0,2.0475368698070042,2.664051468889852
48.75,12.75,0.0,0.0,0.0,1.2661700716029713,0.0,0.0,0.0,0.0,0.0,0.0,0.0,0.0,0.0,0.0,0.0,0.0,0.0,0.0,0.0,0.0,0.0,0.0,0.0,6.688914357960641
48.75,13.25,0.0,0.0,0.0,0.0,0.0,0.0,0.0,0.0,0.0,0.0,0.0,0.0,0.0,0.0,0.0,0.0,0.0,0.0,0.0,0.0,0.0,0.0,0.0,3.176444818328264
48.75,13.75,0.0,0.0,0.0,0.0,0.0,0.0,0.0,0.0,0.0,0.0,0.0,0.0,0.0,0.0,0.0,0.0,0.0,0.0,0.0,0.0,0.0,0.0,0.0,0.0
48.75,14.25,0.0,0.0,0.0,0.0,0.0,0.0,0.0,0.0,0.0,0.0,0.0,0.0,0.0,0.0,0.0,0.0,0.0,0.0,0.0,0.0,0.0,0.0,0.0,0.0
48.75,14.75,0.0,0.0,0.0,0.0,0.0,0.0,0.0,0.0,0.0,0.0,0.0,0.0,0.0,0.0,0.0,19.858860404076125,0.0,0.0,0.0,0.0,0.0,0.0,0.0,0.0
48.75,15.25,0.0,0.0,0.0,0.0,0.0,0.0,0.0,0.0,0.0,0.0,0.0,0.0,0.0,0.0,0.0,71.01418645881049,0.0,0.0,0.0,0.0,0.0,0.0,0.0,0.0
48.25,4.75,0.0,0.0,0.0,113.70614568401206,0.0,0.0,0.0,0.0,0.0,0.0,0.0,0.0,0.0,0.0,0.0,2.1109593982718593,0.0,0.0,1901.682525846309,595.0011294325731,985.956082731437,0.0,31.311433069252473,0.0
48.25,5.25,0.0,0.0,0.0,192.75076506202666,0.0,0.0,0.0,0.0,0.0,0.0,0.0,0.0,0.0,0.0,0.0,5.617410308873133,0.0,0.0,2440.80894593429,259.889507172637,438.8659288358368,0.0,0.0,0.0
48.25,5.75,0.0,0.0,0.0,148.49849439760217,0.0,0.0,0.0,0.0,0.0,0.0,0.0,0.0,0.0,0.0,0.0,0.6519011377075685,0.0,0.0,2954.4505495431845,91.00389862370807,78.78199031665369,0.0,0.0,21.478814634932036
48.25,6.25,0.0,0.0,0.0,174.00495745600443,0.0,0.0,0.0,0.0,0.0,0.0,0.0,0.0,0.0,0.0,0.0,0.0,0.0,0.0,2137.066380773569,5.305232160457535,8.065970830006734,0.0,94.27607870403102,108.84714646409515
48.25,6.75,0.0,0.0,0.0,75.82322965217108,0.0,0.0,0.0,0.0,0.0,0.0,0.0,0.0,0.0,0.0,0.0,320.6158639421722,0.0,0.0,1745.6751855548173,0.0,2.8364866941638525,0.0,577.9544269693954,28.719285322775534
48.25,7.25,0.0,0.0,0.0,0.0,0.0,0.0,0.0,0.0,0.0,0.0,0.0,0.0,0.0,0.0,0.0,72.2504806762822,0.0,0.0,833.4810124730085,0.0,0.0,0.0,137.02753630706974,0.0
48.25,7.75,0.0,0.0,0.0,1203.9201346430423,0.0,0.0,0.0,0.0,0.0,0.0,0.0,0.0,0.0,0.0,0.0,136.90212333889116,0.0,0.0,1913.486406984722,0.0,0.0,0.0,1056.8460296303228,2.1648534938902344
48.25,8.25,0.0,0.0,0.0,479.8361544842187,0.0,0.0,0.0,0.0,0.0,0.0,0.0,0.0,0.0,0.0,0.0,21.456596168205692,0.0,0.0,16.97881965579913,0.0,0.0,0.0,735.46218069632,0.0
48.25,8.75,0.0,0.0,0.0,69.72044087499222,0.0,0.0,0.0,0.0,0.0,0.0,0.0,0.0,0.0,0.0,0.0,0.0,0.0,0.0,0.0,0.0,0.0,0.0,365.7686273667178,0.0
48.25,9.25,0.0,0.0,0.0,76.2172602679276,0.0,0.0,0.0,0.0,0.0,0.0,0.0,0.0,0.0,0.0,0.0,0.0,0.0,0.0,0.0,0.0,0.0,0.0,0.026994583708699338,0.0
48.25,9.75,0.0,0.0,0.0,0.0,0.0,0.0,0.0,0.0,0.0,0.0,0.0,0.0,0.0,0.0,0.0,0.0,0.0,0.0,0.0,0.0,0.0,0.0,0.0,0.0
48.25,10.25,0.0,0.0,0.0,29.623843552905242,0.0,0.0,0.0,0.0,0.0,0.0,0.0,0.0,0.0,0.0,0.0,0.0,0.0,0.0,0.0,0.0,0.0,0.0,0.0,0.0
48.25,10.75,0.0,0.0,0.0,108.81929840909157,0.0,0.0,0.0,0.0,0.0,0.0,0.0,0.0,0.0,0.0,0.0,0.0,0.0,0.0,0.0,0.0,0.0,0.0,0.0,0.0
48.25,11.25,0.0,0.0,0.0,185.87258377902992,0.0,0.0,0.0,0.0,0.0,0.0,0.0,0.0,0.0,0.0,0.0,0.0,0.0,0.0,0.0,0.0,0.0,0.0,0.0,0.0
48.25,11.75,0.0,0.0,0.0,14.197668008961415,0.0,0.0,0.0,0.0,0.0,0.0,0.0,0.0,0.0,0.0,0.0,0.0,0.0,0.0,0.0,0.0,0.0,0.0,0.0,0.0
48.25,12.25,0.0,0.0,0.0,0.0,0.0,0.0,0.0,0.0,0.0,0.0,0.0,0.0,0.0,0.0,0.0,0.0,0.0,0.0,0.0,0.0,0.0,0.0,0.0,0.0
48.25,12.75,0.0,0.0,0.0,0.0,0.0,0.0,0.0,0.0,0.0,0.0,0.0,0.0,0.0,0.0,0.0,0.0,0.0,0.0,0.0,0.0,0.0,0.0,0.0,0.0
48.25,13.25,0.0,0.0,0.0,0.0,0.0,0.0,0.0,0.0,0.0,0.0,0.0,0.0,0.0,0.0,0.0,0.0,0.0,0.0,0.0,0.0,0.0,0.0,0.0,0.0
48.25,13.75,0.0,0.0,0.0,0.0,0.0,0.0,0.0,0.0,0.0,0.0,0.0,0.0,0.0,0.0,0.0,0.0,0.0,0.0,0.0,0.0,0.0,0.0,0.0,0.0
48.25,14.25,0.0,0.0,0.0,0.0,0.0,0.0,0.0,0.0,0.0,0.0,0.0,0.0,0.0,0.0,0.0,0.0,0.0,0.0,0.0,0.0,0.0,0.0,0.0,0.0
48.25,14.75,0.0,0.0,0.0,0.0,0.0,0.0,0.0,0.0,0.0,0.0,0.0,0.0,0.0,0.0,0.0,0.0,0.0,0.0,0.0,0.0,0.0,0.0,0.0,0.0
48.25,15.25,0.0,0.0,0.0,0.0,0.0,0.0,0.0,0.0,0.0,0.0,0.0,0.0,0.0,0.0,0.0,0.0,0.0,0.0,0.0,0.0,0.0,0.0,0.0,0.0
47.75,4.75,0.0,0.0,0.0,208.65542476541563,0.0,0.0,0.0,0.0,0.0,0.0,0.0,0.0,0.0,0.0,0.0,30.959174698182892,0.0,0.0,2057.370732290089,810.1944567757125,543.3719699553874,0.0,42.704493558442834,0.0
47.75,5.25,0.0,0.0,0.0,327.12077277292855,0.0,0.0,0.0,0.0,0.0,0.0,0.0,0.0,0.0,0.0,0.0,100.9535357908234,0.0,0.0,2573.2430001638204,440.3612349878002,84.79176712898328,0.0,0.0,0.0
47.75,5.75,0.0,0.0,0.0,379.0454155574472,0.0,0.0,0.0,0.0,0.0,0.0,0.0,0.0,0.0,0.0,0.0,80.88732671191639,0.0,0.0,3097.752809268672,134.53352804853068,14.405246941647874,0.0,63.10888163531513,27.692406356187405
47.75,6.25,0.0,0.0,0.0,563.3602403727647,0.0,0.0,0.0,0.0,0.0,0.0,0.0,0.0,0.0,0.0,0.0,11.384837583426417,0.0,0.0,2771.520843788197,46.94553543987524,41.193026920166545,0.0,476.61366547820205,134.47241859114578
47.75,6.75,0.0,0.0,0.0,36.511368998035124,0.0,0.0,0.0,0.0,0.0,0.0,0.0,0.0,0.0,0.0,0.0,8.577812462276881,0.0,0.0,1029.9682961190967,0.0,0.0,0.0,478.52639099687144,0.0
47.75,7.25,0.0,0.0,0.0,0.0,0.0,0.0,0.0,0.0,0.0,0.0,0.0,0.0,0.0,0.0,0.0,0.9325009557811654,0.0,0.0,120.29191009348526,0.0,0.0,0.0,192.88560513068828,0.0
47.75,7.75,0.0,0.0,0.0,0.0,0.0,0.0,0.0,0.0,0.0,0.0,0.0,0.0,0.0,0.0,0.0,0.0,0.0,0.0,0.0,0.0,0.0,0.0,149.53895344360015,0.0
47.75,8.25,0.0,0.0,0.0,0.0,0.0,0.0,0.0,0.0,0.0,0.0,0.0,0.0,0.0,0.0,0.0,0.0,0.0,0.0,0.0,0.0,0.0,0.0,79.95760550972383,0.0
47.75,8.75,0.0,0.0,0.0,40.39472283882529,0.0,0.0,0.0,0.0,0.0,0.0,0.0,0.0,0.0,0.0,0.0,0.0,0.0,0.0,0.0,0.0,0.0,0.0,28.904058701195453,0.0
47.75,9.25,0.0,0.0,0.0,10.705225813224814,0.0,0.0,0.0,0.0,0.0,0.0,0.0,0.0,0.0,0.0,0.0,0.0,0.0,0.0,0.0,0.0,0.0,0.0,0.0,0.0
47.75,9.75,0.0,0.0,0.0,0.0,0.0,0.0,0.0,0.0,0.0,0.0,0.0,0.0,0.0,0.0,0.0,0.0,0.0,0.0,0.0,0.0,0.0,0.0,0.0,0.0
47.75,10.25,0.0,0.0,0.0,0.0,0.0,0.0,0.0,0.0,0.0,0.0,0.0,0.0,0.0,0.0,0.0,0.0,0.0,0.0,0.0,0.0,0.0,0.0,0.0,0.0
47.75,10.75,0.0,0.0,0.0,0.0,0.0,0.0,0.0,0.0,0.0,0.0,0.0,0.0,0.0,0.0,0.0,0.0,0.0,0.0,0.0,0.0,0.0,0.0,0.0,0.0
47.75,11.25,0.0,0.0,0.0,0.0,0.0,0.0,0.0,0.0,0.0,0.0,0.0,0.0,0.0,0.0,0.0,0.0,0.0,0.0,0.0,0.0,0.0,0.0,0.0,0.0
47.75,11.75,0.0,0.0,0.0,0.0,0.0,0.0,0.0,0.0,0.0,0.0,0.0,0.0,0.0,0.0,0.0,0.0,0.0,0.0,0.0,0.0,0.0,0.0,0.0,0.0
47.75,12.25,0.0,0.0,0.0,0.0,0.0,0.0,0.0,0.0,0.0,0.0,0.0,0.0,0.0,0.0,0.0,0.0,0.0,0.0,0.0,0.0,0.0,0.0,0.0,0.0
47.75,12.75,0.0,0.0,0.0,0.0,0.0,0.0,0.0,0.0,0.0,0.0,0.0,0.0,0.0,0.0,0.0,0.0,0.0,0.0,0.0,0.0,0.0,0.0,0.0,0.0
47.75,13.25,0.0,0.0,0.0,0.0,0.0,0.0,0.0,0.0,0.0,0.0,0.0,0.0,0.0,0.0,0.0,0.0,0.0,0.0,0.0,0.0,0.0,0.0,0.0,0.0
47.75,13.75,0.0,0.0,0.0,0.0,0.0,0.0,0.0,0.0,0.0,0.0,0.0,0.0,0.0,0.0,0.0,0.0,0.0,0.0,0.0,0.0,0.0,0.0,0.0,0.0
47.75,14.25,0.0,0.0,0.0,0.0,0.0,0.0,0.0,0.0,0.0,0.0,0.0,0.0,0.0,0.0,0.0,0.0,0.0,0.0,0.0,0.0,0.0,0.0,0.0,0.0
47.75,14.75,0.0,0.0,0.0,0.0,0.0,0.0,0.0,0.0,0.0,0.0,0.0,0.0,0.0,0.0,0.0,0.0,0.0,0.0,0.0,0.0,0.0,0.0,0.0,0.0
47.75,15.25,0.0,0.0,0.0,0.0,0.0,0.0,0.0,0.0,0.0,0.0,0.0,0.0,0.0,0.0,0.0,0.0,0.0,0.0,0.0,0.0,0.0,0.0,0.0,0.0
47.25,4.75,0.0,0.0,0.0,40.51065317413631,0.0,0.0,0.0,0.0,0.0,0.0,0.0,0.0,0.0,0.0,0.0,101.07184911534708,0.0,0.0,2606.0039570199033,1517.5694626465972,538.6703956045263,0.0,0.8704834140436901,0.0
47.25,5.25,0.0,0.0,0.0,464.6788943824597,0.0,0.0,0.25831511593855794,0.0,0.0,0.0,0.0,0.0,0.0,0.0,0.0,320.569066461531,0.0,0.0,3151.3137390431953,1125.0376008386402,97.7515309907717,0.0,0.0,0.0
47.25,5.75,0.0,0.0,0.0,804.8201397464983,0.0,0.0,0.0,0.0,0.0,0.0,0.0,0.0,0.0,0.0,0.0,302.5229709770634,0.0,0.0,3150.3417677765788,70.50604631603014,92.62646489326727,0.0,119.78366244884197,0.0
47.25,6.25,0.0,0.0,0.0,141.14718934307203,0.0,0.0,0.0,0.0,0.0,0.0,0.0,0.0,0.0,0.0,0.0,4.465957521476355,0.0,0.0,249.75412898463563,0.0,0.0,0.0,132.6545997292464,0.0
47.25,6.75,0.0,0.0,0.0,0.0,0.0,0.0,0.0,0.0,0.0,0.0,0.0,0.0,0.0,0.0,0.0,0.0,0.0,0.0,0.0,0.0,0.0,0.0,46.79846079512524,0.0
47.25,7.25,0.0,0.0,0.0,0.0,0.0,0.0,0.0,0.0,0.0,0.0,0.0,0.0,0.0,0.0,0.0,0.0,0.0,0.0,0.0,0.0,0.0,0.0,49.14710710455054,0.0
47.25,7.75,0.0,0.0,0.0,0.0,0.0,0.0,0.0,0.0,0.0,0.0,0.0,0.0,0.0,0.0,0.0,0.0,0.0,0.0,0.0,0.0,0.0,0.0,0.0,0.0
47.25,8.25,0.0,0.0,0.0,0.0,0.0,0.0,0.0,0.0,0.0,0.0,0.0,0.0,0.0,0.0,0.0,0.0,0.0,0.0,0.0,0.0,0.0,0.0,0.0,0.0
47.25,8.75,0.0,0.0,0.0,0.0,0.0,0.0,0.0,0.0,0.0,0.0,0.0,0.0,0.0,0.0,0.0,0.0,0.0,0.0,0.0,0.0,0.0,0.0,0.0,0.0
47.25,9.25,0.0,0.0,0.0,0.0,0.0,0.0,0.0,0.0,0.0,0.0,0.0,0.0,0.0,0.0,0.0,0.0,0.0,0.0,0.0,0.0,0.0,0.0,0.0,0.0
47.25,9.75,0.0,0.0,0.0,0.0,0.0,0.0,0.0,0.0,0.0,0.0,0.0,0.0,0.0,0.0,0.0,0.0,0.0,0.0,0.0,0.0,0.0,0.0,0.0,0.0
47.25,10.25,0.0,0.0,0.0,0.0,0.0,0.0,0.0,0.0,0.0,0.0,0.0,0.0,0.0,0.0,0.0,0.0,0.0,0.0,0.0,0.0,0.0,0.0,0.0,0.0
47.25,10.75,0.0,0.0,0.0,0.0,0.0,0.0,0.0,0.0,0.0,0.0,0.0,0.0,0.0,0.0,0.0,0.0,0.0,0.0,0.0,0.0,0.0,0.0,0.0,0.0
47.25,11.25,0.0,0.0,0.0,0.0,0.0,0.0,0.0,0.0,0.0,0.0,0.0,0.0,0.0,0.0,0.0,0.0,0.0,0.0,0.0,0.0,0.0,0.0,0.0,0.0
47.25,11.75,0.0,0.0,0.0,0.0,0.0,0.0,0.0,0.0,0.0,0.0,0.0,0.0,0.0,0.0,0.0,0.0,0.0,0.0,0.0,0.0,0.0,0.0,0.0,0.0
47.25,12.25,0.0,0.0,0.0,0.0,0.0,0.0,0.0,0.0,0.0,0.0,0.0,0.0,0.0,0.0,0.0,0.0,0.0,0.0,0.0,0.0,0.0,0.0,0.0,0.0
47.25,12.75,0.0,0.0,0.0,0.0,0.0,0.0,0.0,0.0,0.0,0.0,0.0,0.0,0.0,0.0,0.0,0.0,0.0,0.0,0.0,0.0,0.0,0.0,0.0,0.0
47.25,13.25,0.0,0.0,0.0,0.0,0.0,0.0,0.0,0.0,0.0,0.0,0.0,0.0,0.0,0.0,0.0,0.0,0.0,0.0,0.0,0.0,0.0,0.0,0.0,0.0
47.25,13.75,0.0,0.0,0.0,0.0,0.0,0.0,0.0,0.0,0.0,0.0,0.0,0.0,0.0,0.0,0.0,0.0,0.0,0.0,0.0,0.0,0.0,0.0,0.0,0.0
47.25,14.25,0.0,0.0,0.0,0.0,0.0,0.0,0.0,0.0,0.0,0.0,0.0,0.0,0.0,0.0,0.0,0.0,0.0,0.0,0.0,0.0,0.0,0.0,0.0,0.0
47.25,14.75,0.0,0.0,0.0,0.0,0.0,0.0,0.0,0.0,0.0,0.0,0.0,0.0,0.0,0.0,0.0,0.0,0.0,0.0,0.0,0.0,0.0,0.0,0.0,0.0
47.25,15.25,0.0,0.0,0.0,0.0,0.0,0.0,0.0,0.0,0.0,0.0,0.0,0.0,0.0,0.0,0.0,0.0,0.0,0.0,0.0,0.0,0.0,0.0,0.0,0.0
46.75,4.75,0.0,0.0,0.0,234.31496475042218,0.0,0.0,0.0,0.0,0.0,0.0,0.0,0.0,0.0,0.0,0.0,130.38998223561373,0.0,0.0,3256.1494401091595,566.5149840028034,657.6711358081269,0.0,19.240202985905427,6.266200482767886
46.75,5.25,0.0,0.0,0.0,649.9529727158967,0.0,0.0,16.548588493224855,0.0,0.0,0.0,0.0,0.0,0.0,0.0,0.0,225.5818467596469,0.0,0.0,3502.0171043055384,175.40956416570566,449.4722314086886,0.0,90.71063588268407,24.889828066968136
46.75,5.75,0.0,0.0,0.0,236.4666856546211,0.0,0.0,0.0,0.0,0.0,0.0,0.0,0.0,0.0,0.0,0.0,28.683264280565652,0.0,0.0,467.08714303198127,0.0,1.5314394117614825,0.0,87.69978339256048,0.0
46.75,6.25,0.0,0.0,0.0,0.0,0.0,0.0,0.0,0.0,0.0,0.0,0.0,0.0,0.0,0.0,0.0,0.0,0.0,0.0,0.0,0.0,0.0,0.0,17.288578829974426,0.0
46.75,6.75,0.0,0.0,0.0,0.0,0.0,0.0,0.0,0.0,0.0,0.0,0.0,0.0,0.0,0.0,0.0,0.0,0.0,0.0,0.0,0.0,0.0,0.0,7.153356683107177,0.0
46.75,7.25,0.0,0.0,0.0,0.0,0.0,0.0,0.0,0.0,0.0,0.0,0.0,0.0,0.0,0.0,0.0,0.0,0.0,0.0,0.0,0.0,0.0,0.0,3.611444091051567,0.0
46.75,7.75,0.0,0.0,0.0,0.0,0.0,0.0,0.0,0.0,0.0,0.0,0.0,0.0,0.0,0.0,0.0,0.0,0.0,0.0,0.0,0.0,0.0,0.0,0.0,0.0
46.75,8.25,0.0,0.0,0.0,0.0,0.0,0.0,0.0,0.0,0.0,0.0,0.0,0.0,0.0,0.0,0.0,0.0,0.0,0.0,0.0,0.0,0.0,0.0,0.0,0.0
46.75,8.75,0.0,0.0,0.0,0.0,0.0,0.0,0.0,0.0,0.0,0.0,0.0,0.0,0.0,0.0,0.0,0.0,0.0,0.0,0.0,0.0,0.0,0.0,0.0,0.0
46.75,9.25,0.0,0.0,0.0,0.0,0.0,0.0,0.0,0.0,0.0,0.0,0.0,0.0,0.0,0.0,0.0,0.0,0.0,0.0,0.0,0.0,0.0,0.0,0.0,0.0
46.75,9.75,0.0,0.0,0.0,0.0,0.0,0.0,0.0,0.0,0.0,0.0,0.0,0.0,0.0,0.0,0.0,0.0,0.0,0.0,0.0,0.0,0.0,0.0,0.0,0.0
46.75,10.25,0.0,0.0,0.0,0.0,0.0,0.0,0.0,0.0,0.0,0.0,0.0,0.0,0.0,0.0,0.0,0.0,0.0,0.0,0.0,0.0,0.0,0.0,0.0,0.0
46.75,10.75,0.0,0.0,0.0,0.0,0.0,0.0,0.0,0.0,0.0,0.0,0.0,0.0,0.0,0.0,0.0,0.0,0.0,0.0,0.0,0.0,0.0,0.0,0.0,0.0
46.75,11.25,0.0,0.0,0.0,0.0,0.0,0.0,0.0,0.0,0.0,0.0,0.0,0.0,0.0,0.0,0.0,0.0,0.0,0.0,0.0,0.0,0.0,0.0,0.0,0.0
46.75,11.75,0.0,0.0,0.0,0.0,0.0,0.0,0.0,0.0,0.0,0.0,0.0,0.0,0.0,0.0,0.0,0.0,0.0,0.0,0.0,0.0,0.0,0.0,0.0,0.0
46.75,12.25,0.0,0.0,0.0,0.0,0.0,0.0,0.0,0.0,0.0,0.0,0.0,0.0,0.0,0.0,0.0,0.0,0.0,0.0,0.0,0.0,0.0,0.0,0.0,0.0
46.75,12.75,0.0,0.0,0.0,0.0,0.0,0.0,0.0,0.0,0.0,0.0,0.0,0.0,0.0,0.0,0.0,0.0,0.0,0.0,0.0,0.0,0.0,0.0,0.0,0.0
46.75,13.25,0.0,0.0,0.0,0.0,0.0,0.0,0.0,0.0,0.0,0.0,0.0,0.0,0.0,0.0,0.0,0.0,0.0,0.0,0.0,0.0,0.0,0.0,0.0,0.0
46.75,13.75,0.0,0.0,0.0,0.0,0.0,0.0,0.0,0.0,0.0,0.0,0.0,0.0,0.0,0.0,0.0,0.0,0.0,0.0,0.0,0.0,0.0,0.0,0.0,0.0
46.75,14.25,0.0,0.0,0.0,0.0,0.0,0.0,0.0,0.0,0.0,0.0,0.0,0.0,0.0,0.0,0.0,0.0,0.0,0.0,0.0,0.0,0.0,0.0,0.0,0.0
46.75,14.75,0.0,0.0,0.0,0.0,0.0,0.0,0.0,0.0,0.0,0.0,0.0,0.0,0.0,0.0,0.0,0.0,0.0,0.0,0.0,0.0,0.0,0.0,0.0,0.0
46.75,15.25,0.0,0.0,0.0,0.0,0.0,0.0,0.0,0.0,0.0,0.0,0.0,0.0,0.0,0.0,0.0,0.0,0.0,0.0,0.0,0.0,0.0,0.0,0.0,0.0
46.25,4.75,0.0,0.0,0.0,910.4492594892558,0.0,0.0,0.0,0.0,0.0,0.0,0.0,0.0,0.0,0.0,0.0,345.35008863942846,23.16797030938588,0.0,4186.293231725717,202.6357159014146,731.9360445408317,0.0,254.1360453321957,920.452894582062
46.25,5.25,0.0,0.0,0.0,493.7109985390865,0.0,0.0,0.0,0.0,0.0,0.0,0.0,0.0,0.0,0.0,0.0,196.67723945074977,0.0,0.0,2186.631743633508,1.7343221328076766,51.78250287527257,0.0,107.34845999530447,24.570162965279167
46.25,5.75,0.0,0.0,0.0,8.071494625940574,0.0,0.0,0.0,0.0,0.0,0.0,0.0,0.0,0.0,0.0,0.0,33.09102857556252,0.0,0.0,0.909236727931841,0.0,0.0,0.0,2.383349089699607,0.0
46.25,6.25,0.0,0.0,0.0,0.0,0.0,0.0,0.0,0.0,0.0,0.0,0.0,0.0,0.0,0.0,0.0,2.4132270779102214,0.0,0.0,0.0,0.0,0.0,0.0,4.841517950083329,0.0
46.25,6.75,0.0,0.0,0.0,0.0,0.0,0.0,0.0,0.0,0.0,0.0,0.0,0.0,0.0,0.0,0.0,0.0,0.0,0.0,0.0,0.0,0.0,0.0,6.720244927001602,0.0
46.25,7.25,0.0,0.0,0.0,0.0,0.0,0.0,0.0,0.0,0.0,0.0,0.0,0.0,0.0,0.0,0.0,0.0,0.0,0.0,0.0,0.0,0.0,0.0,0.0,0.0
46.25,7.75,0.0,0.0,0.0,0.0,0.0,0.0,0.0,0.0,0.0,0.0,0.0,0.0,0.0,0.0,0.0,0.0,0.0,0.0,0.0,0.0,0.0,0.0,0.0,0.0
46.25,8.25,0.0,0.0,0.0,0.0,0.0,0.0,0.0,0.0,0.0,0.0,0.0,0.0,0.0,0.0,0.0,0.0,0.0,0.0,0.0,0.0,0.0,0.0,0.0,0.0
46.25,8.75,0.0,0.0,0.0,0.0,0.0,0.0,0.0,0.0,0.0,0.0,0.0,0.0,0.0,0.0,0.0,0.0,0.0,0.0,0.0,0.0,0.0,0.0,0.0,0.0
46.25,9.25,0.0,0.0,0.0,0.0,0.0,0.0,0.0,0.0,0.0,0.0,0.0,0.0,0.0,0.0,0.0,0.0,0.0,0.0,0.0,0.0,0.0,0.0,0.0,0.0
46.25,9.75,0.0,0.0,0.0,0.0,0.0,0.0,0.0,0.0,0.0,0.0,0.0,0.0,0.0,0.0,0.0,0.0,0.0,0.0,0.0,0.0,0.0,0.0,0.0,0.0
46.25,10.25,0.0,0.0,0.0,0.0,0.0,0.0,0.0,0.0,0.0,0.0,0.0,0.0,0.0,0.0,0.0,0.0,0.0,0.0,0.0,0.0,0.0,0.0,0.0,0.0
46.25,10.75,0.0,0.0,0.0,0.0,0.0,0.0,0.0,0.0,0.0,0.0,0.0,0.0,0.0,0.0,0.0,0.0,0.0,0.0,0.0,0.0,0.0,0.0,0.0,0.0
46.25,11.25,0.0,0.0,0.0,0.0,0.0,0.0,0.0,0.0,0.0,0.0,0.0,0.0,0.0,0.0,0.0,0.0,0.0,0.0,0.0,0.0,0.0,0.0,0.0,0.0
46.25,11.75,0.0,0.0,0.0,0.0,0.0,0.0,0.0,0.0,0.0,0.0,0.0,0.0,0.0,0.0,0.0,0.0,0.0,0.0,0.0,0.0,0.0,0.0,0.0,0.0
46.25,12.25,0.0,0.0,0.0,0.0,0.0,0.0,0.0,0.0,0.0,0.0,0.0,0.0,0.0,0.0,0.0,0.0,0.0,0.0,0.0,0.0,0.0,0.0,0.0,0.0
46.25,12.75,0.0,0.0,0.0,0.0,0.0,0.0,0.0,0.0,0.0,0.0,0.0,0.0,0.0,0.0,0.0,0.0,0.0,0.0,0.0,0.0,0.0,0.0,0.0,0.0
46.25,13.25,0.0,0.0,0.0,0.0,0.0,0.0,0.0,0.0,0.0,0.0,0.0,0.0,0.0,0.0,0.0,0.0,0.0,0.0,0.0,0.0,0.0,0.0,0.0,0.0
46.25,13.75,0.0,0.0,0.0,0.0,0.0,0.0,28.012411296095934,0.0,0.0,0.0,0.0,0.0,0.0,62.3750547517962,0.0,0.0,0.0,0.0,0.0,0.0,0.0,0.0,0.0,0.0
46.25,14.25,0.0,0.0,0.0,0.0,0.0,0.0,0.0,0.0,0.0,0.0,0.0,0.0,0.0,92.10671451323859,0.0,0.0,0.0,0.0,0.0,0.0,0.0,0.0,0.0,0.0
46.25,14.75,0.0,0.0,0.0,0.0,0.0,0.0,0.0,0.0,0.0,0.0,0.0,0.0,0.0,0.0,0.0,0.0,0.0,0.0,0.0,0.0,0.0,0.0,0.0,0.0
46.25,15.25,0.0,0.0,0.0,0.0,0.0,0.0,0.0,0.0,0.0,0.0,0.0,0.0,0.0,0.0,0.0,0.0,0.0,0.0,0.0,0.0,0.0,0.0,0.0,0.0
45.75,4.75,0.0,0.0,0.0,1937.278247113949,1.724270607718097,5.714073225933305,0.0,0.0,0.0,0.0,1.6072756805135668,0.0,0.0,0.0,0.0,424.6101505337746,137.02138722367775,17.096220244214408,3804.396180032323,5.51301750996754,770.9333452009355,0.0,964.7567413989543,413.6995402699505
45.75,5.25,0.0,0.0,0.0,1017.714918672413,0.0,0.0,0.0,0.0,0.0,0.0,0.0,0.0,0.0,0.0,0.0,350.60849641545565,0.0,0.0,1909.8245030625326,0.0,57.59824455968712,0.0,333.6695497731664,63.32747282519742
45.75,5.75,0.0,0.0,0.0,17.44146590179389,0.0,0.0,0.0,0.0,0.0,0.0,0.0,0.0,0.0,0.0,0.0,59.43054527930872,0.0,0.0,55.36733704001813,0.0,0.0,0.0,61.988835545682576,0.0
45.75,6.25,0.0,0.0,0.0,0.0,0.0,0.0,0.0,0.0,0.0,0.0,0.0,0.0,0.0,0.0,0.0,0.0,0.0,0.0,0.0,0.0,0.0,0.0,19.74568375647135,0.0
45.75,6.75,0.0,0.0,0.0,0.0,0.0,0.0,0.0,0.0,0.0,0.0,0.0,0.0,0.0,0.0,0.0,0.0,0.0,0.0,0.0,0.0,0.0,0.0,0.0,0.0
45.75,7.25,0.0,0.0,0.0,0.0,0.0,0.0,0.0,0.0,0.0,0.0,0.0,0.0,0.0,0.0,0.0,0.0,0.0,0.0,0.0,0.0,0.0,0.0,0.0,0.0
45.75,7.75,0.0,0.0,0.0,0.0,0.0,0.0,0.0,0.0,0.0,0.0,0.0,0.0,0.0,0.0,0.0,0.0,0.0,0.0,0.0,0.0,0.0,0.0,0.0,0.0
45.75,8.25,0.0,0.0,0.0,0.0,0.0,0.0,0.0,0.0,0.0,0.0,0.0,0.0,0.0,0.0,0.0,0.0,0.0,0.0,0.0,0.0,0.0,0.0,0.0,0.0
45.75,8.75,0.0,0.0,0.0,51.80070085134048,0.0,0.0,0.0,0.0,0.0,0.0,0.0,0.0,0.0,0.0,0.0,0.0,0.0,0.0,0.0,0.0,0.0,0.0,0.0,0.0
45.75,9.25,0.0,0.0,0.0,139.34750238516847,0.0,0.0,0.0,0.0,0.0,0.0,0.0,0.0,0.0,0.0,0.0,0.0,0.0,0.0,0.0,0.0,0.0,0.0,0.0,0.0
45.75,9.75,0.0,0.0,0.0,0.0,0.0,0.0,0.0,0.0,0.0,0.0,0.0,0.0,0.0,0.0,0.0,0.0,0.0,0.0,0.0,0.0,0.0,0.0,0.0,0.0
45.75,10.25,0.0,0.0,0.0,0.0,0.0,0.0,0.0,0.0,0.0,0.0,0.0,0.0,0.0,0.0,0.0,0.0,0.0,0.0,0.0,0.0,0.0,0.0,0.0,0.0
45.75,10.75,0.0,0.0,0.0,0.0,0.0,0.0,0.0,0.0,0.0,0.0,0.0,0.0,0.0,0.0,0.0,0.0,0.0,0.0,0.0,0.0,0.0,0.0,0.0,0.0
45.75,11.25,0.0,0.0,0.0,0.0,0.0,0.0,0.0,0.0,0.0,0.0,0.0,0.0,0.0,0.0,0.0,0.0,0.0,0.0,0.0,0.0,0.0,0.0,0.0,0.0
45.75,11.75,0.0,0.0,0.0,0.0,0.0,0.0,0.0,0.0,0.0,0.0,0.0,0.0,0.0,0.0,0.0,0.0,0.0,0.0,0.0,0.0,0.0,0.0,0.0,0.0
45.75,12.25,0.0,0.0,0.0,873.8823801072202,0.0,0.0,122.75073050445428,0.0,0.0,0.0,0.0,0.0,0.0,0.0,0.0,0.0,0.0,0.0,0.0,0.0,0.0,0.0,0.0,0.0
45.75,12.75,112.34212671861857,232.97622731012132,0.0,5194.862031078905,0.0,0.0,672.5957478338061,0.0,0.0,16.126641084673366,0.0,0.0,737.9194359180681,411.30818107486584,0.0,37.081111200616675,9.399549572068935,0.0,306.9999233025779,87.12330568059784,0.0,0.0,1901.654603963489,0.0
45.75,13.25,213.87359095948264,843.7484090729372,0.0,8569.839667022823,49.10451393150899,0.0,1096.8440452621157,0.0,0.0,250.48376731502847,0.0,20.409219425264524,1326.1480618964358,1354.2959752411225,0.0,155.74446513690816,88.16546743638693,44.746771884583126,1058.0600587728768,1358.2790514343908,27.362386327151683,182.84909694280282,5697.274889597646,0.0
45.75,13.75,13.082989098560489,193.47046128346224,0.0,3978.4676737532304,0.0,0.0,648.3201630458113,0.0,0.0,0.0,0.0,0.0,386.00575497142336,1423.4288959415278,0.0,0.0,0.0,0.0,18.038986165379214,230.32901112865446,0.0,0.0,4693.803991075656,0.0
45.75,14.25,0.0,15.193876596231206,0.0,801.4106363984425,0.0,0.0,274.57147058889336,0.0,0.0,0.0,0.0,0.0,80.37274825569216,1184.8300017816734,0.0,0.0,0.0,0.0,0.0,0.0,0.0,0.0,2435.845964691839,0.0
45.75,14.75,0.0,5.7772284533409675,0.0,339.00812065375516,0.0,0.0,19.057594494679336,0.0,0.0,0.0,0.0,5.7235483730119086,145.3454955745561,362.9204974921927,0.0,0.0,0.0,250.08262265358053,0.0,0.0,0.0,0.0,1569.0335689061592,0.0
45.75,15.25,4.837634706059674,42.630067679842995,0.0,114.7199618195418,0.0,0.0,0.0,0.0,0.0,0.0,0.0,220.50716561676043,539.2607228143277,209.82461120207893,0.0,0.0,0.0,864.193086596706,0.0,0.0,0.0,0.0,1124.6598844872494,0.0
45.25,4.75,0.0,0.0,0.0,3147.576936005739,122.3964490685625,238.13279335321215,60.23759255239693,0.0,0.0,713.0403022822801,304.8989215262787,0.0,17.714117396837622,0.0,0.0,1846.8645717529873,149.69177564261423,2046.7871368544993,3405.1962466067775,16.431710287142494,1162.627307685199,0.0,2235.497823899076,231.74079240751126
45.25,5.25,0.0,0.0,0.0,4190.5369882179175,221.70672247670936,0.0,142.78038525201805,0.0,0.0,339.74535422305286,15.790452207989063,0.0,201.66460057786367,0.0,0.0,1323.6162109816978,79.88422303628693,59.51611105661689,3036.0737939625847,60.07224480423875,902.6662778856247,0.0,1835.6851855630198,222.67851786654919
45.25,5.75,0.0,0.0,0.0,2354.546529809207,0.0,0.0,0.0,0.0,0.0,0.0,0.0,0.0,71.6409509564204,0.0,0.0,248.7486521653783,0.0,0.0,846.0241556660394,0.13006112734007047,98.4146967424837,0.0,1048.944848190105,4.503488517671542
45.25,6.25,0.0,0.0,0.0,306.4781542503318,0.0,0.0,0.0,0.0,0.0,0.0,0.0,0.0,0.6671242752617559,0.0,0.0,0.0,0.0,0.0,0.0,0.0,2.1625068166203505,0.0,208.27545853554003,0.0
45.25,6.75,0.0,0.0,0.0,0.0,0.0,0.0,0.0,0.0,0.0,0.0,0.0,0.0,0.0,0.0,0.0,0.0,0.0,0.0,0.0,0.0,0.0,0.0,0.0,0.0
45.25,7.25,0.0,0.0,0.0,0.0,0.0,0.0,0.0,0.0,0.0,0.0,0.0,0.0,0.0,0.0,0.0,0.0,0.0,0.0,0.0,0.0,0.0,0.0,0.0,0.0
45.25,7.75,0.0,0.0,0.0,247.6805495802582,0.0,0.0,0.0,0.0,0.0,0.0,0.0,0.0,0.0,0.0,0.0,0.0,0.0,0.0,0.0,0.0,0.0,0.0,0.0,0.0
45.25,8.25,0.0,0.0,0.0,3652.165542493693,116.38272714552053,0.0,215.49731463892738,0.0,0.0,0.0,0.0,0.0,0.0,0.0,0.0,0.0,0.0,0.0,0.0,0.0,0.0,0.0,134.34037035815203,0.0
45.25,8.75,0.0,0.0,0.0,2745.6409066439815,92.7365286191984,0.0,189.82915697194375,0.0,0.0,0.0,0.0,0.0,162.80808079045042,0.0,0.0,0.18907136084749254,0.0,0.0,0.0,0.0,0.0,0.0,12.89877809713613,0.0
45.25,9.25,0.0,549.1642747102557,0.0,4833.313341359504,494.29579837370375,0.0,782.17423796758,13.82462543279351,0.0,395.0816034038048,0.0,0.0,689.7329456257455,1.860473944866726,0.0,115.38534074950522,0.0,0.0,0.0,0.0,0.0,0.0,276.90465673904623,0.0
45.25,9.75,0.0,676.4836744332097,0.0,7201.262199280647,308.2795186581382,0.0,1804.944749788907,26.92501386236964,0.0,891.8677987489585,0.0,0.0,804.7263381091884,27.84474369356647,0.0,619.6870644215913,0.0,0.0,0.0,0.0,0.0,0.0,707.223864406735,0.0
45.25,10.25,0.0,337.8903664876754,0.0,7988.149528295981,1273.3420546155103,0.0,973.3404708297235,21.10505966535888,0.0,755.078816349723,0.0,0.1494224175190766,888.2724794324535,23.44141261367548,0.0,958.4539884424771,0.0,0.0,0.0,2.3574722819826093,0.0,0.0,640.3552406043411,0.0
45.25,10.75,0.0,311.83246072299244,0.0,7433.930729105053,683.0734395797431,0.0,429.9791597454583,3.773444714677396,0.0,670.250905643751,0.0,2.133316412859756,743.0362120900005,29.71778971742674,0.0,795.9281397124892,0.0,0.0,0.0,0.0,0.0,0.0,637.3076578923021,0.0
45.25,11.25,0.0,260.4448419048965,0.0,4928.847222855831,229.76341710373012,0.0,267.0831038867019,0.0,0.0,28.10875775073734,0.0,0.4617663376280916,537.6632842407339,120.23397845348322,0.0,169.7209041118862,0.0,0.0,0.0,0.0,0.0,0.0,562.7547765759555,0.0
45.25,11.75,284.8671642102774,179.37890244220927,0.0,5047.972392944391,468.1890801172714,0.0,638.8696812222089,0.0,0.0,36.874506147809115,0.0,115.3031138838833,963.0698670146747,201.191794448904,0.0,148.39159480341314,0.0,0.0,0.0,0.0,0.0,170.14396984018197,756.245161727921,0.0
45.25,12.25,5747.194361422892,1335.9773278697835,0.0,11679.127175905285,6663.425163873717,722.6198982778203,3563.5687471016736,1016.1024662008983,259.7473626674905,2936.68148748561,0.0,3022.690726614167,4562.26927552965,2174.170342938747,0.0,2599.8667067640404,1279.6480980971385,2333.724873416528,1323.2787121510785,171.15511120070596,793.0109429568068,3554.717662426731,6080.1231739059285,228.3701506587737
45.25,12.75,0.0,,,,,,,,,,,,,,,,,,,,,,,
45.25,13.25,0.0,,,,,,,,,,,,,,,,,,,,,,,
45.25,13.75,6153.760957336541,3565.036898954769,0.0,18243.20477611418,12610.028594048057,317.76451310642415,2094.716081305804,2807.7504540221976,1563.03085188223,5174.186081050798,97.71146760380358,4463.65753153959,5676.251487509619,5082.7981070615015,0.0,3902.739573360601,3399.7994897880835,4813.781356316615,5034.395551023337,2814.4362431837794,3867.257282476815,4833.699345768401,13304.676001563337,3720.8207594369273
45.25,14.25,610.0822533344447,854.9136075106894,0.0,8917.206007683675,342.67720158574235,0.0,853.5310364861734,176.15763287271832,0.0,328.014137018646,4.526037249504213,506.81996807629395,2540.2656487994063,3230.779308181647,0.0,1221.0524816586849,466.05778553644615,2187.124765288213,527.6190595271263,70.06775737156502,1198.0698224263679,690.872663214707,8537.822727278523,194.57797304197248
45.25,14.75,273.73568662894473,424.2675727350842,0.0,3798.5493304188217,0.0,0.0,266.9537698617656,0.0,0.0,7.38592676835583,0.0,276.0242234135629,2135.89899712163,1464.1776416905518,0.0,214.0428020665846,0.0,1900.1554902059906,0.0,0.0,0.24702942241071923,25.406229845393142,5382.23419397035,0.0
45.25,15.25,368.95371646819115,162.33418135893095,0.0,539.1980352333,0.0,0.0,0.0,0.0,0.0,3.1241020737953136,0.0,457.2532494936411,1638.3599281086567,218.88066287634155,0.0,37.157995496475394,0.0,1792.5000559858195,0.0,0.0,0.0,0.0,2376.6682590560613,0.0
44.75,4.75,276.6096352532488,660.2928376890757,36.89544116788434,6820.805583696295,2310.9566039331107,4336.614520756596,2716.5389713261757,296.34155505559426,0.0,3883.821886628649,3024.9589175887572,15.478012698243333,2445.048722111258,5.942937891978062,0.0,4469.506026870032,1819.0139665555303,12493.51757945937,12162.38171176216,3250.4088589965563,3309.929711573081,0.0,5290.361091454587,2849.1450430378363
44.75,5.25,133.82912842269562,255.5034394317607,0.0,8583.885978193624,4409.511650164714,2482.8774195059545,3007.1956921357987,9.486040070904153,0.0,5163.220060171653,2595.3922028296506,0.0,3736.0841229313382,0.0,0.0,3835.867885651921,2177.581215057138,7675.78705976406,5857.059334663038,2566.483612527009,3879.836115465793,0.0,4770.916903798613,1827.4634534220004
44.75,5.75,0.0,0.0,0.0,6877.899305149222,2379.753267409589,74.27896014630599,727.5910747862979,0.0,0.0,3018.6382920647056,455.4721743520172,0.0,2666.7413864337123,0.0,0.0,1886.187198182421,585.8307007978595,1345.0271244193932,2212.2443776451228,422.24033296780044,1789.252045705633,0.0,3179.322183889557,758.4040039115711
44.75,6.25,0.0,280.4906780943157,0.0,4892.0634386676165,2178.8126186381714,1.3027468767810433,13.208808917390144,5.454831644944193,0.0,2673.248074937783,76.52596364649256,0.0,2705.5202932601132,0.6330554706275393,0.0,351.6499497032755,879.0760378378684,2404.92783640675,1313.7365515064296,485.6132462010773,1313.941163579071,0.0,3192.1866172925315,1128.2166331280064
44.75,6.75,0.0,0.0,0.0,212.9826749270092,0.0,0.0,0.0,0.0,0.0,0.0,0.0,0.0,0.0,0.0,0.0,0.0,0.0,0.0,0.0,0.0,0.0,0.0,2.1568565005775326,35.97835958468019
44.75,7.25,0.0,0.0,0.0,58.781111655080565,0.0,0.0,0.0,0.0,0.0,0.0,0.0,0.0,0.0,0.0,0.0,0.0,0.0,0.0,0.0,0.0,0.0,0.0,0.0,0.0
44.75,7.75,0.0,0.0,0.0,4918.0014917183935,457.283493737946,4.674037515642453,2125.9299431935096,6.071977787861613,0.0,207.71661248482025,0.0,0.0,0.0,0.0,0.0,0.0,0.0,0.0,0.0,0.0,0.0,0.0,0.0,1.7214124796600458
44.75,8.25,0.0,1888.7902017946078,0.0,9632.123465671015,5979.290885093333,425.5513161489988,4498.753824397375,412.62854381952025,4.553937893321745,2640.4901696598336,0.0,227.47828475077708,1357.5073984820187,0.03057801135224736,0.0,115.46358014776811,1059.6667830588021,5645.394601439303,2966.3031506543416,0.0,29.6955810455203,640.836638723436,1634.7974125589767,83.87124115455552
44.75,8.75,278.9915729624728,2069.349558443094,0.0,9992.782443491265,5873.907557004178,368.50157420705324,2495.2923623796737,819.6642001663107,0.0,3639.668315913384,1.3088076724387747,751.0186672768968,2296.3035506294505,17.61713326078427,0.0,593.5457840993313,2213.85185008384,6384.502675012606,1867.9688861604402,50.8533399254583,56.48838354440835,782.7918094053039,3010.7274395139902,85.55304127440434
44.75,9.25,226.0782819064742,1015.9399445934685,0.0,8415.048062531534,4010.055277228362,30.475320767853475,1878.1462340184562,872.790936742368,0.0,2767.570335887223,0.0,539.7211739002194,2390.002349407341,104.22459707328454,0.0,595.2959824260682,1028.845172892858,3688.9254985237526,0.0,47.99587923582277,0.0,37.12240922324287,1828.6295523379506,38.89190061068496
44.75,9.75,3.300386710156033,344.853683948907,0.0,7572.4447122927395,2097.2835700017013,0.0,1934.4429403330314,476.6904429315149,5.791042534067799,1523.178279634148,0.0,997.6423921076082,2053.1099417084783,209.62848013759753,0.0,367.86750583170783,324.23141768712355,2229.421961345748,0.0,0.0,0.0,0.0,1362.9803102552075,15.333824135766037
44.75,10.25,0.0,273.0008294449813,0.0,7048.6123321914265,520.1663271367053,20.991076692937526,1119.809714712529,665.0437062668618,5.803165995851657,2016.4346478642642,0.0,1585.2408858437666,2549.8765287432884,135.92152436674115,0.0,570.3922920943917,141.76942719168707,2684.685987154404,0.0,0.0,0.0,59.184708013566365,1013.180124134286,15.42862197339332
44.75,10.75,89.66164684058617,541.3507059327152,0.0,8695.254891265375,1894.2490440165816,139.8098838288726,943.0671096456138,1113.1609728574049,10.523799732010673,2634.385820855179,0.0,1845.7258266870472,3133.2610260204942,405.12570877818257,0.0,1855.4305601094463,270.2333480519314,3244.7456344670495,0.0,0.0,0.0,1332.0532573834223,1415.1012395677426,71.28358352633981
44.75,11.25,1212.8960135678062,912.7707582754856,0.0,11084.665816399382,6535.420013017397,224.11203637667194,1190.087790574922,1029.951737567945,0.0,2489.594573986661,0.0,2292.6008551717523,3398.845339593984,1509.9748879692359,0.0,2773.8982301619812,119.65752771764963,2768.8597696503916,23.28105106899406,0.0,0.0,2678.3701182626537,2903.4326544601286,848.3877632682265
44.75,11.75,4446.950520293035,1581.0045317197337,0.0,10908.920633735746,7675.745913097238,344.41961363299833,1919.8559519402588,2153.2799736645366,0.0,2915.885158133507,0.0,4870.660620588363,4994.499798911717,2879.065120774485,0.0,4192.153290633677,114.58960381674027,3698.589587969712,138.87778838247587,0.0,75.05024544353165,4829.770489351572,5551.919680537271,1906.3084235776066
44.75,12.25,12450.35410627706,7863.233485090897,6300.464522840459,17005.98224494375,15488.200500650555,4037.0318250988867,7224.369086547485,7794.1689494116135,3119.114048763413,9666.239747097035,4848.757367477584,17629.72770378004,26208.93398749579,20382.553308247952,366.0581523920581,9859.868995836112,7841.023868404493,11005.112066610725,4707.517484311646,265.3160725818094,7786.765848388316,15815.99996681531,19584.392020632844,16579.021947550096
44.75,12.75,0.0,,,,,,,,,,,,,,,,,,,,,,,
44.75,13.25,0.0,,,,,,,,,,,,,,,,,,,,,,,
44.75,13.75,18168.536697709522,10895.10620170153,2977.125888733978,26919.37966727274,24879.002868102598,10957.297243285451,10771.454866179492,13733.545838504391,14897.424800304323,16697.45327070115,10726.252208094222,21598.948125407263,24992.91520718276,16086.817596623107,1032.2441443040325,13780.35956875933,12410.494790781438,12602.387228394451,15216.229258655661,11199.214413666938,12836.216470047764,18133.160160616422,23479.31559391958,18389.329812424232
44.75,14.25,11040.556015242704,6821.694810562351,724.1521041595311,23945.673766142998,18468.50203813699,2952.868763592932,5392.41013989132,7527.80286603128,10397.450609015756,11135.316383561487,3227.286758631477,11946.640090952118,10259.741014887531,8861.638110269665,37.75447480955131,12755.992914681863,8101.92081604765,10961.364634735697,14617.753779421691,9521.810960533414,11480.123340743045,12633.654577047897,17019.80080914529,9411.266825413817
44.75,14.75,6827.360736728145,3557.8857587625976,22.387140356185967,15205.876028997433,6866.002414274111,511.8011421970311,1528.3436622935715,1935.8063788775044,5010.783332378661,3576.004014903225,1450.576242507108,3699.570893201511,6602.348644373077,4883.202710020977,0.0,7429.343346325271,2172.37462249818,7153.12985012816,4885.994341806265,760.9704790566958,5498.3000686858595,5603.6789185537955,11611.856752497832,2184.9151828547538
44.75,15.25,4363.865667781289,883.4940337482633,0.0,4881.945638153831,715.1328910639278,0.0,172.6072451718029,278.41078190265017,846.7817244052367,1121.252829449369,10.569539300753803,1561.6772691468123,3787.326486908221,1922.4558941332762,0.0,2227.7768154004525,0.0,4107.220429415104,11.157814156980237,11.920499326678595,214.5875437110779,528.262429157929,5399.964644835607,53.3627741679951
